SCHID,LAT,LONG,GEOCODE_STATUS
00010001,-999.0,-999.0,FAILED
00010015,-999.0,-999.0,FAILED
00010020,-999.0,-999.0,FAILED
00010405,-999.0,-999.0,FAILED
00010505,-999.0,-999.0,FAILED
00010815,-999.0,-999.0,FAILED
00020830,-999.0,-999.0,FAILED
00030025,-999.0,-999.0,FAILED
00030305,-999.0,-999.0,FAILED
00030810,-999.0,-999.0,FAILED
00040810,-999.0,-999.0,FAILED
00050003,-999.0,-999.0,FAILED
00050010,-999.0,-999.0,FAILED
00050020,-999.0,-999.0,FAILED
00050025,-999.0,-999.0,FAILED
00050030,-999.0,-999.0,FAILED
00050303,-999.0,-999.0,FAILED
00050405,-999.0,-999.0,FAILED
00050505,-999.0,-999.0,FAILED
00050810,-999.0,-999.0,FAILED
00070005,-999.0,-999.0,FAILED
00070010,-999.0,-999.0,FAILED
00070013,-999.0,-999.0,FAILED
00070505,-999.0,-999.0,FAILED
00070515,-999.0,-999.0,FAILED
00070820,-999.0,-999.0,FAILED
00070865,-999.0,-999.0,FAILED
00080009,-999.0,-999.0,FAILED
00080020,-999.0,-999.0,FAILED
00080050,-999.0,-999.0,FAILED
00080805,-999.0,-999.0,FAILED
00080850,-999.0,-999.0,FAILED
00080860,-999.0,-999.0,FAILED
00090003,-999.0,-999.0,FAILED
00090004,-999.0,-999.0,FAILED
00090005,-999.0,-999.0,FAILED
00090010,-999.0,-999.0,FAILED
00090020,-999.0,-999.0,FAILED
00090025,-999.0,-999.0,FAILED
00090305,-999.0,-999.0,FAILED
00090310,-999.0,-999.0,FAILED
00090350,-999.0,-999.0,FAILED
00090505,-999.0,-999.0,FAILED
00090805,-999.0,-999.0,FAILED
00090820,-999.0,-999.0,FAILED
00090825,-999.0,-999.0,FAILED
00090835,-999.0,-999.0,FAILED
00090850,-999.0,-999.0,FAILED
00100005,42.4248717,-71.1541505,GEOCODED
00100010,42.4123444,-71.176215,GEOCODED
00100025,42.4176994,-71.1878408,GEOCODED
00100030,42.4042399,-71.1452454,GEOCODED
00100038,42.4124894,-71.1588833,GEOCODED
00100045,42.4290757,-71.177754,GEOCODED
00100050,42.4115361,-71.1398441,GEOCODED
00100055,42.4286318,-71.1670269,GEOCODED
00100305,42.4104861,-71.1457808,GEOCODED
00100410,42.4211178,-71.1756527,GEOCODED
00100505,42.4187728,-71.1618369,GEOCODED
00100805,42.4155131,-71.1510392,GEOCODED
00100810,42.41574,-71.1489308,GEOCODED
00100812,42.4153739,-71.1564428,GEOCODED
00100815,42.3553603,-71.1983291,GEOCODED
00100838,42.4023497,-71.1324907,GEOCODED
00100842,42.4075403,-71.1410725,GEOCODED
00100850,42.4262792,-71.1830511,GEOCODED
00100860,42.4124894,-71.1588833,GEOCODED
00110805,-999.0,-999.0,FAILED
00140005,-999.0,-999.0,FAILED
00140010,-999.0,-999.0,FAILED
00140015,-999.0,-999.0,FAILED
00140405,-999.0,-999.0,FAILED
00140505,-999.0,-999.0,FAILED
00140818,42.3038678,-71.3178517,GEOCODED
00140820,-999.0,-999.0,FAILED
00140830,-999.0,-999.0,FAILED
00140860,-999.0,-999.0,FAILED
00160001,-999.0,-999.0,FAILED
00160008,-999.0,-999.0,FAILED
00160035,-999.0,-999.0,FAILED
00160040,-999.0,-999.0,FAILED
00160045,-999.0,-999.0,FAILED
00160050,-999.0,-999.0,FAILED
00160305,-999.0,-999.0,FAILED
00160315,-999.0,-999.0,FAILED
00160320,-999.0,-999.0,FAILED
00160505,-999.0,-999.0,FAILED
00160515,-999.0,-999.0,FAILED
00160705,-999.0,-999.0,FAILED
00160805,-999.0,-999.0,FAILED
00160806,-999.0,-999.0,FAILED
00160810,-999.0,-999.0,FAILED
00160812,-999.0,-999.0,FAILED
00160815,-999.0,-999.0,FAILED
00160816,-999.0,-999.0,FAILED
00170010,-999.0,-999.0,FAILED
00170025,-999.0,-999.0,FAILED
00170030,-999.0,-999.0,FAILED
00170305,-999.0,-999.0,FAILED
00170505,-999.0,-999.0,FAILED
00180010,-999.0,-999.0,FAILED
00180510,-999.0,-999.0,FAILED
00200001,-999.0,-999.0,FAILED
00200005,-999.0,-999.0,FAILED
00200010,-999.0,-999.0,FAILED
00200012,-999.0,-999.0,FAILED
00200025,-999.0,-999.0,FAILED
00200045,-999.0,-999.0,FAILED
00200050,-999.0,-999.0,FAILED
00200315,-999.0,-999.0,FAILED
00200505,-999.0,-999.0,FAILED
00200802,-999.0,-999.0,FAILED
00200810,-999.0,-999.0,FAILED
00200830,-999.0,-999.0,FAILED
00200860,-999.0,-999.0,FAILED
00200880,-999.0,-999.0,FAILED
00200885,-999.0,-999.0,FAILED
00200890,-999.0,-999.0,FAILED
00230010,42.4847352,-71.3092075,GEOCODED
00230012,42.5157244,-71.2798845,GEOCODED
00230305,42.4882088,-71.2861679,GEOCODED
00230505,42.4913196,-71.2849018,GEOCODED
00230860,42.5082496,-71.2427267,GEOCODED
00240005,-999.0,-999.0,FAILED
00240006,-999.0,-999.0,FAILED
00240018,-999.0,-999.0,FAILED
00240025,-999.0,-999.0,FAILED
00240505,-999.0,-999.0,FAILED
00250020,-999.0,-999.0,FAILED
00250025,-999.0,-999.0,FAILED
00250315,-999.0,-999.0,FAILED
00250505,-999.0,-999.0,FAILED
00250510,-999.0,-999.0,FAILED
00260005,42.3995172,-71.165139,GEOCODED
00260010,42.3885811,-71.1641442,GEOCODED
00260015,42.3860165,-71.187464,GEOCODED
00260035,42.3922943,-71.1720987,GEOCODED
00260305,42.3854654,-71.1711338,GEOCODED
00260315,42.3950808,-71.1651467,GEOCODED
00260505,42.3933587,-71.1674501,GEOCODED
00260805,42.3932679,-71.1902447,GEOCODED
00260810,42.3973098,-71.1859726,GEOCODED
00260815,42.4060067,-71.182622,GEOCODED
00260865,42.4045006,-71.1631349,GEOCODED
00260870,42.3932679,-71.1902447,GEOCODED
00270010,-999.0,-999.0,FAILED
00270305,-999.0,-999.0,FAILED
00270860,-999.0,-999.0,FAILED
00270870,-999.0,-999.0,FAILED
00290805,-999.0,-999.0,FAILED
00300002,42.5489744,-70.8781883,GEOCODED
00300010,42.5489744,-70.8781883,GEOCODED
00300015,42.5489744,-70.8781883,GEOCODED
00300033,42.5489744,-70.8781883,GEOCODED
00300040,42.5489744,-70.8781883,GEOCODED
00300055,42.5489744,-70.8781883,GEOCODED
00300305,42.5489744,-70.8781883,GEOCODED
00300505,42.5489744,-70.8781883,GEOCODED
00300807,42.5489744,-70.8781883,GEOCODED
00300810,42.5489744,-70.8781883,GEOCODED
00300815,42.5489744,-70.8781883,GEOCODED
00300820,42.5489744,-70.8781883,GEOCODED
00300822,42.5489744,-70.8781883,GEOCODED
00300830,42.5489744,-70.8781883,GEOCODED
00300835,42.5489744,-70.8781883,GEOCODED
00300845,42.5489744,-70.8781883,GEOCODED
00300850,42.5489744,-70.8781883,GEOCODED
00300865,42.5489744,-70.8781883,GEOCODED
00300870,42.5489744,-70.8781883,GEOCODED
00300920,42.5489744,-70.8781883,GEOCODED
00310005,42.5370695,-71.2236572,GEOCODED
00310007,-999.0,-999.0,FAILED
00310012,-999.0,-999.0,FAILED
00310015,-999.0,-999.0,FAILED
00310026,-999.0,-999.0,FAILED
00310305,-999.0,-999.0,FAILED
00310310,-999.0,-999.0,FAILED
00310505,-999.0,-999.0,FAILED
00310805,-999.0,-999.0,FAILED
00350001,42.2867769,-71.0727373,GEOCODED
00350003,42.3419874,-71.1405332,GEOCODED
00350004,42.3511302,-71.1614958,GEOCODED
00350008,42.2717594,-71.0916865,GEOCODED
00350009,42.3697222,-71.033492,GEOCODED
00350010,42.3151523,-71.0791607,GEOCODED
00350012,42.2946741,-71.1159746,GEOCODED
00350014,42.2822741,-71.0869023,GEOCODED
00350015,42.3174167,-71.091799,GEOCODED
00350016,42.2765727,-71.1017082,GEOCODED
00350017,42.2832642,-71.1255937,GEOCODED
00350020,42.3185211,-71.1135991,GEOCODED
00350021,42.263364,-71.1562089,GEOCODED
00350036,42.3405802,-71.0839169,GEOCODED
00350062,42.3883981,-71.0042303,GEOCODED
00350066,42.3714109,-71.0378974,GEOCODED
00350072,42.316402,-71.093122,GEOCODED
00350074,42.3265181,-71.0809612,GEOCODED
00350077,42.2863081,-71.1078387,GEOCODED
00350080,42.3692003,-71.0346007,GEOCODED
00350088,42.3136155,-71.0599137,GEOCODED
00350096,42.3660363,-71.053359,GEOCODED
00350100,42.3165513,-71.1015633,GEOCODED
00350116,42.2429313,-71.1240654,GEOCODED
00350122,42.274649,-71.1272895,GEOCODED
00350135,42.2566019,-71.1269263,GEOCODED
00350138,42.2968483,-71.075798,GEOCODED
00350141,42.3779456,-71.0378725,GEOCODED
00350146,42.3381598,-71.0522789,GEOCODED
00350153,42.3261145,-71.1067352,GEOCODED
00350154,42.2673659,-71.104463,GEOCODED
00350156,42.3752204,-71.0339233,GEOCODED
00350166,42.3216913,-71.1058143,GEOCODED
00350167,42.3061631,-71.0735652,GEOCODED
00350180,42.3174724,-71.0759679,GEOCODED
00350181,42.3347011,-71.0390182,GEOCODED
00350182,42.3387553,-71.0778285,GEOCODED
00350183,42.2919015,-71.0804321,GEOCODED
00350184,42.3056372,-71.1314364,GEOCODED
00350190,42.2718352,-71.1628145,GEOCODED
00350200,42.3767055,-71.0577892,GEOCODED
00350215,42.3917635,-71.0048839,GEOCODED
00350227,42.308308,-71.0608735,GEOCODED
00350229,42.3329868,-71.0984106,GEOCODED
00350231,42.337018,-71.0851405,GEOCODED
00350237,42.2811897,-71.1410216,GEOCODED
00350240,42.2941694,-71.0491043,GEOCODED
00350243,42.3255942,-71.0910146,GEOCODED
00350255,42.3588336,-71.0578303,GEOCODED
00350257,42.3304576,-71.0775542,GEOCODED
00350258,42.2612274,-71.1488874,GEOCODED
00350262,42.3223569,-71.0582479,GEOCODED
00350264,42.3822202,-71.0193782,GEOCODED
00350266,42.2939231,-71.0626871,GEOCODED
00350268,42.3170241,-71.0434487,GEOCODED
00350278,42.2776778,-71.1351103,GEOCODED
00350286,42.3479706,-71.0649747,GEOCODED
00350298,42.3232137,-71.0581887,GEOCODED
00350302,42.3655282,-71.0349407,GEOCODED
00350304,42.3261186,-71.0713504,GEOCODED
00350308,42.2969139,-71.0801485,GEOCODED
00350326,42.3607559,-71.1339738,GEOCODED
00350328,42.2865375,-71.0531117,GEOCODED
00350346,42.3779718,-71.064469,GEOCODED
00350360,42.2515236,-71.1333843,GEOCODED
00350363,42.3442668,-71.0737969,GEOCODED
00350366,42.3204862,-71.0595906,GEOCODED
00350370,42.3156495,-71.0880356,GEOCODED
00350374,42.3475032,-71.1553844,GEOCODED
00350375,42.3454254,-71.1606553,GEOCODED
00350376,42.3109333,-71.0765391,GEOCODED
00350377,42.3208915,-71.0868727,GEOCODED
00350378,42.2758263,-71.0913064,GEOCODED
00350380,42.2823294,-71.0951749,GEOCODED
00350390,42.341143,-71.072126,GEOCODED
00350426,42.281412,-71.0693019,GEOCODED
00350505,42.3492468,-71.1454387,GEOCODED
00350507,42.2812479,-71.0813198,GEOCODED
00350515,42.3802573,-71.0609101,GEOCODED
00350518,42.3089133,-71.103484,GEOCODED
00350522,42.3328966,-71.0448275,GEOCODED
00350525,42.343288,-71.1424425,GEOCODED
00350530,42.3812283,-71.0349391,GEOCODED
00350535,42.3063673,-71.1092262,GEOCODED
00350537,42.3312769,-71.090738,GEOCODED
00350540,42.3306253,-71.0989794,GEOCODED
00350541,42.265197,-71.1173951,GEOCODED
00350542,42.2630655,-71.117879,GEOCODED
00350543,42.3141479,-71.0992242,GEOCODED
00350545,42.3161279,-71.0843714,GEOCODED
00350546,42.3462514,-71.094928,GEOCODED
00350548,42.2887584,-71.1457183,GEOCODED
00350549,42.3072393,-71.1142812,GEOCODED
00350558,42.3177493,-71.0434001,GEOCODED
00350560,42.3378659,-71.1012741,GEOCODED
00350565,42.3474879,-71.0637819,GEOCODED
00350575,42.3311893,-71.0900674,GEOCODED
00350581,42.3826485,-71.0712115,GEOCODED
00350655,42.3521281,-71.1607282,GEOCODED
00350656,42.3780794,-71.0414632,GEOCODED
00350657,42.285234,-71.0759266,GEOCODED
00350690,42.3505737,-71.0779829,GEOCODED
00350691,42.3139404,-71.0978788,GEOCODED
00350702,42.3582148,-71.0719535,GEOCODED
00350705,42.2825975,-71.0876972,GEOCODED
00350709,42.3205914,-71.0579244,GEOCODED
00350710,42.3161097,-71.0463838,GEOCODED
00350716,42.341281,-71.069489,GEOCODED
00350718,42.2780651,-71.1656718,GEOCODED
00350724,42.352372,-71.0782022,GEOCODED
00350725,42.3076784,-71.0659688,GEOCODED
00350726,42.3527155,-71.1657397,GEOCODED
00350729,42.2930321,-71.0661423,GEOCODED
00350732,42.3715793,-71.0399061,GEOCODED
00350740,42.3082633,-71.112047,GEOCODED
00350746,42.2882295,-71.1480542,GEOCODED
00350749,42.3031414,-71.1276454,GEOCODED
00350750,42.3791905,-71.0673052,GEOCODED
00350755,42.3337277,-71.0509416,GEOCODED
00350758,42.3501617,-71.1421987,GEOCODED
00350759,42.3485501,-71.0963142,GEOCODED
00350760,42.3503057,-71.0823039,GEOCODED
00350765,42.3535371,-71.0770918,GEOCODED
00350768,42.3309702,-71.1100492,GEOCODED
00350770,42.3333624,-71.1005979,GEOCODED
00350778,42.3075239,-71.0842792,GEOCODED
00350782,42.3215482,-71.1017268,GEOCODED
00350785,42.31095,-71.1008319,GEOCODED
00350794,42.3521884,-71.0820719,GEOCODED
00350795,42.2706607,-71.0732547,GEOCODED
00350801,42.3309021,-71.0933788,GEOCODED
00350802,42.2977016,-71.1165924,GEOCODED
00350805,42.3563955,-71.0717155,GEOCODED
00350808,42.2760816,-71.1580916,GEOCODED
00350809,42.3910279,-71.0496911,GEOCODED
00350810,42.2787617,-71.1221183,GEOCODED
00350811,42.3478905,-71.1543616,GEOCODED
00350812,42.3291091,-71.0933287,GEOCODED
00350822,42.2907757,-71.0493123,GEOCODED
00350834,42.2818191,-71.0511381,GEOCODED
00350836,42.3360441,-71.0296633,GEOCODED
00350844,42.3524184,-71.1529635,GEOCODED
00350855,42.2930321,-71.0661423,GEOCODED
00350856,42.2743234,-71.0667942,GEOCODED
00350862,42.3638845,-71.0527008,GEOCODED
00350890,42.3366561,-71.050098,GEOCODED
00350891,42.3312163,-71.1564449,GEOCODED
00350894,42.2782717,-71.1579704,GEOCODED
00350895,42.3501617,-71.1421987,GEOCODED
00350896,42.3508702,-71.1495065,GEOCODED
00350910,42.3399429,-71.1079623,GEOCODED
00350914,42.3522452,-71.1430373,GEOCODED
00350947,42.3224709,-71.1050755,GEOCODED
00350950,42.3076413,-71.1315101,GEOCODED
00350951,42.3129599,-71.1033105,GEOCODED
00360005,-999.0,-999.0,FAILED
00360030,-999.0,-999.0,FAILED
00360325,-999.0,-999.0,FAILED
00360505,-999.0,-999.0,FAILED
00360800,-999.0,-999.0,FAILED
00360802,-999.0,-999.0,FAILED
00360820,-999.0,-999.0,FAILED
00360830,-999.0,-999.0,FAILED
00380005,-999.0,-999.0,FAILED
00380013,-999.0,-999.0,FAILED
00380805,-999.0,-999.0,FAILED
00400005,42.2153541,-71.0020523,GEOCODED
00400015,42.2205956,-71.0041229,GEOCODED
00400020,42.2216892,-71.0180236,GEOCODED
00400025,42.2205956,-71.0041229,GEOCODED
00400033,42.2101541,-70.9785296,GEOCODED
00400050,42.2295291,-70.9868602,GEOCODED
00400305,42.2197676,-70.9890967,GEOCODED
00400310,42.2205956,-71.0041229,GEOCODED
00400505,42.2045361,-71.0181706,GEOCODED
00400804,42.2110158,-71.0060808,GEOCODED
00400805,42.2287712,-71.0042407,GEOCODED
00400807,42.2297654,-71.0033759,GEOCODED
00400821,42.2076053,-71.0065792,GEOCODED
00400822,42.2205956,-71.0041229,GEOCODED
00400825,42.2253505,-70.9902157,GEOCODED
00400830,42.2237682,-71.0046164,GEOCODED
00400835,42.2205956,-71.0041229,GEOCODED
00400840,42.2205956,-71.0041229,GEOCODED
00400845,42.210886,-71.0401231,GEOCODED
00400850,42.2205956,-71.0041229,GEOCODED
00410005,-999.0,-999.0,FAILED
00410010,-999.0,-999.0,FAILED
00410805,-999.0,-999.0,FAILED
00410810,-999.0,-999.0,FAILED
00410825,-999.0,-999.0,FAILED
00420850,-999.0,-999.0,FAILED
00430005,-999.0,-999.0,FAILED
00440001,-999.0,-999.0,FAILED
00440002,-999.0,-999.0,FAILED
00440003,-999.0,-999.0,FAILED
00440008,-999.0,-999.0,FAILED
00440010,-999.0,-999.0,FAILED
00440017,-999.0,-999.0,FAILED
00440023,-999.0,-999.0,FAILED
00440045,-999.0,-999.0,FAILED
00440055,-999.0,-999.0,FAILED
00440065,-999.0,-999.0,FAILED
00440078,-999.0,-999.0,FAILED
00440110,-999.0,-999.0,FAILED
00440400,-999.0,-999.0,FAILED
00440405,-999.0,-999.0,FAILED
00440410,-999.0,-999.0,FAILED
00440415,-999.0,-999.0,FAILED
00440420,-999.0,-999.0,FAILED
00440421,-999.0,-999.0,FAILED
00440422,-999.0,-999.0,FAILED
00440505,-999.0,-999.0,FAILED
00440520,-999.0,-999.0,FAILED
00440525,-999.0,-999.0,FAILED
00440535,-999.0,-999.0,FAILED
00440705,-999.0,-999.0,FAILED
00440805,-999.0,-999.0,FAILED
00440810,-999.0,-999.0,FAILED
00440825,-999.0,-999.0,FAILED
00440860,-999.0,-999.0,FAILED
00450005,-999.0,-999.0,FAILED
00460001,42.329798,-71.128451,GEOCODED
00460002,42.3025835,-71.1514215,GEOCODED
00460005,42.303439,-71.1587898,GEOCODED
00460015,42.3449239,-71.1236747,GEOCODED
00460020,42.3407407,-71.136157,GEOCODED
00460025,42.3278614,-71.1478057,GEOCODED
00460030,42.3392868,-71.1142753,GEOCODED
00460035,42.328731,-71.128499,GEOCODED
00460040,42.3354246,-71.121065,GEOCODED
00460045,42.3340767,-71.1418797,GEOCODED
00460060,42.333824,-71.1130876,GEOCODED
00460505,42.3322945,-71.1277832,GEOCODED
00460800,42.3182271,-71.1656404,GEOCODED
00460805,42.3390356,-71.1389764,GEOCODED
00460810,42.3298598,-71.1302874,GEOCODED
00460811,42.347856,-71.1121391,GEOCODED
00460812,42.3487693,-71.1108099,GEOCODED
00460814,42.3163183,-71.136662,GEOCODED
00460830,42.335864,-71.1191393,GEOCODED
00460850,42.3499083,-71.126739,GEOCODED
00460875,42.3814262,-71.1913291,GEOCODED
00460890,42.3075536,-71.1390617,GEOCODED
00480007,42.518736,-71.197,GEOCODED
00480015,42.499854,-71.181847,GEOCODED
00480020,42.5217563,-71.2054133,GEOCODED
00480035,42.5003239,-71.2147323,GEOCODED
00480303,42.5013493,-71.1815516,GEOCODED
00480505,42.498555,-71.194144,GEOCODED
00480815,42.5028841,-71.1979479,GEOCODED
00480830,42.4761413,-71.2154008,GEOCODED
00480860,42.470102,-71.21442,GEOCODED
00490005,42.3820907,-71.1163649,GEOCODED
00490006,42.363045,-71.1082845,GEOCODED
00490007,42.369473,-71.097582,GEOCODED
00490020,42.3780837,-71.1525464,GEOCODED
00490030,42.366737,-71.113415,GEOCODED
00490035,42.3719686,-71.0914472,GEOCODED
00490045,42.3558867,-71.1126835,GEOCODED
00490050,42.3921964,-71.1280369,GEOCODED
00490065,42.3709367,-71.1036957,GEOCODED
00490080,42.382712,-71.1237247,GEOCODED
00490090,42.367021,-71.095578,GEOCODED
00490305,42.3719686,-71.0914472,GEOCODED
00490310,42.3667977,-71.1134107,GEOCODED
00490315,42.3921964,-71.1280369,GEOCODED
00490320,42.369486,-71.0866024,GEOCODED
00490506,42.3748733,-71.1106161,GEOCODED
00490805,42.3909927,-71.1569211,GEOCODED
00490810,42.3790942,-71.12816,GEOCODED
00490815,42.3630489,-71.1045438,GEOCODED
00490820,42.3946843,-71.1276719,GEOCODED
00490825,42.3864275,-71.1185743,GEOCODED
00490830,42.3636635,-71.1011293,GEOCODED
00490835,42.3779148,-71.1196888,GEOCODED
00490838,42.4023497,-71.1324907,GEOCODED
00490840,42.3914116,-71.1541783,GEOCODED
00490855,42.3604712,-71.135813,GEOCODED
00490860,42.4053049,-71.114181,GEOCODED
00490875,42.3122547,-71.0539704,GEOCODED
00490917,42.3811152,-71.1295705,GEOCODED
00490925,42.3707965,-71.1389416,GEOCODED
00490960,42.3858738,-71.1324271,GEOCODED
00490995,42.3881615,-71.1305266,GEOCODED
00500010,-999.0,-999.0,FAILED
00500012,-999.0,-999.0,FAILED
00500017,-999.0,-999.0,FAILED
00500020,-999.0,-999.0,FAILED
00500305,-999.0,-999.0,FAILED
00500505,-999.0,-999.0,FAILED
00500805,-999.0,-999.0,FAILED
00500820,-999.0,-999.0,FAILED
00500825,-999.0,-999.0,FAILED
00500830,-999.0,-999.0,FAILED
00510025,42.5280927,-71.3496738,GEOCODED
00520015,-999.0,-999.0,FAILED
00520405,-999.0,-999.0,FAILED
00530825,-999.0,-999.0,FAILED
00560001,-999.0,-999.0,FAILED
00560005,-999.0,-999.0,FAILED
00560015,-999.0,-999.0,FAILED
00560025,-999.0,-999.0,FAILED
00560030,-999.0,-999.0,FAILED
00560305,-999.0,-999.0,FAILED
00560310,-999.0,-999.0,FAILED
00560505,-999.0,-999.0,FAILED
00560845,-999.0,-999.0,FAILED
00570003,42.3897736,-71.0355851,GEOCODED
00570025,42.3994606,-71.0185483,GEOCODED
00570030,42.3994606,-71.0185483,GEOCODED
00570035,42.3994606,-71.0185483,GEOCODED
00570040,42.3994606,-71.0185483,GEOCODED
00570045,42.3938439,-71.0370409,GEOCODED
00570050,42.3962422,-71.0309238,GEOCODED
00570055,42.3938439,-71.0370409,GEOCODED
00570505,42.4000905,-71.0400215,GEOCODED
00570515,42.4000905,-71.0400215,GEOCODED
00570705,42.400112,-71.02289,GEOCODED
00570815,42.3944114,-71.0319547,GEOCODED
00610001,-999.0,-999.0,FAILED
00610003,-999.0,-999.0,FAILED
00610010,-999.0,-999.0,FAILED
00610015,-999.0,-999.0,FAILED
00610020,-999.0,-999.0,FAILED
00610021,-999.0,-999.0,FAILED
00610022,-999.0,-999.0,FAILED
00610040,-999.0,-999.0,FAILED
00610050,-999.0,-999.0,FAILED
00610065,-999.0,-999.0,FAILED
00610090,-999.0,-999.0,FAILED
00610305,-999.0,-999.0,FAILED
00610310,-999.0,-999.0,FAILED
00610505,-999.0,-999.0,FAILED
00610510,-999.0,-999.0,FAILED
00610825,-999.0,-999.0,FAILED
00610835,-999.0,-999.0,FAILED
00610845,-999.0,-999.0,FAILED
00610850,-999.0,-999.0,FAILED
00610855,-999.0,-999.0,FAILED
00610860,-999.0,-999.0,FAILED
00630010,-999.0,-999.0,FAILED
00640050,-999.0,-999.0,FAILED
00640305,-999.0,-999.0,FAILED
00640505,-999.0,-999.0,FAILED
00650005,-999.0,-999.0,FAILED
00650010,-999.0,-999.0,FAILED
00650305,-999.0,-999.0,FAILED
00650505,-999.0,-999.0,FAILED
00670005,42.4532036,-71.3469822,GEOCODED
00670020,42.4605189,-71.3488963,GEOCODED
00670030,42.4605189,-71.3488963,GEOCODED
00670305,42.4605189,-71.3488963,GEOCODED
00670802,42.4570109,-71.3464821,GEOCODED
00670810,42.4605189,-71.3488963,GEOCODED
00670820,42.4605189,-71.3488963,GEOCODED
00670825,42.4605189,-71.3488963,GEOCODED
00670850,42.4745144,-71.3483583,GEOCODED
00680005,-999.0,-999.0,FAILED
00690815,-999.0,-999.0,FAILED
00700815,-999.0,-999.0,FAILED
00700860,-999.0,-999.0,FAILED
00710010,-999.0,-999.0,FAILED
00710015,-999.0,-999.0,FAILED
00710030,-999.0,-999.0,FAILED
00710032,-999.0,-999.0,FAILED
00710045,-999.0,-999.0,FAILED
00710305,-999.0,-999.0,FAILED
00710505,-999.0,-999.0,FAILED
00710810,-999.0,-999.0,FAILED
00710830,-999.0,-999.0,FAILED
00710845,-999.0,-999.0,FAILED
00710850,-999.0,-999.0,FAILED
00710860,-999.0,-999.0,FAILED
00720005,-999.0,-999.0,FAILED
00720015,-999.0,-999.0,FAILED
00720030,-999.0,-999.0,FAILED
00720040,-999.0,-999.0,FAILED
00720050,-999.0,-999.0,FAILED
00720505,-999.0,-999.0,FAILED
00720805,-999.0,-999.0,FAILED
00720810,-999.0,-999.0,FAILED
00720850,-999.0,-999.0,FAILED
00730005,42.2457904,-71.1939404,GEOCODED
00730010,42.247123,-71.1618354,GEOCODED
00730025,42.2248498,-71.1558546,GEOCODED
00730030,42.2387148,-71.1546418,GEOCODED
00730045,42.2701647,-71.1803075,GEOCODED
00730305,42.2445037,-71.1662477,GEOCODED
00730505,42.2459278,-71.1621841,GEOCODED
00730805,42.2391152,-71.1870029,GEOCODED
00730810,42.2595057,-71.1838992,GEOCODED
00730820,42.2443178,-71.1833058,GEOCODED
00740015,-999.0,-999.0,FAILED
00740805,-999.0,-999.0,FAILED
00740810,-999.0,-999.0,FAILED
00740815,-999.0,-999.0,FAILED
00770005,-999.0,-999.0,FAILED
00770015,-999.0,-999.0,FAILED
00770305,-999.0,-999.0,FAILED
00770505,-999.0,-999.0,FAILED
00780005,42.2509453,-71.2712929,GEOCODED
00780805,42.2473192,-71.2784849,GEOCODED
00790020,-999.0,-999.0,FAILED
00790030,-999.0,-999.0,FAILED
00790035,-999.0,-999.0,FAILED
00790045,-999.0,-999.0,FAILED
00790410,-999.0,-999.0,FAILED
00790505,-999.0,-999.0,FAILED
00790802,-999.0,-999.0,FAILED
00820004,-999.0,-999.0,FAILED
00820006,-999.0,-999.0,FAILED
00820305,-999.0,-999.0,FAILED
00820505,-999.0,-999.0,FAILED
00820830,-999.0,-999.0,FAILED
00830005,-999.0,-999.0,FAILED
00830010,-999.0,-999.0,FAILED
00830505,-999.0,-999.0,FAILED
00830850,-999.0,-999.0,FAILED
00850005,-999.0,-999.0,FAILED
00860415,-999.0,-999.0,FAILED
00860505,-999.0,-999.0,FAILED
00860820,-999.0,-999.0,FAILED
00860850,-999.0,-999.0,FAILED
00870010,-999.0,-999.0,FAILED
00870013,-999.0,-999.0,FAILED
00870015,-999.0,-999.0,FAILED
00870305,-999.0,-999.0,FAILED
00870505,-999.0,-999.0,FAILED
00880015,-999.0,-999.0,FAILED
00880025,-999.0,-999.0,FAILED
00880405,-999.0,-999.0,FAILED
00880505,-999.0,-999.0,FAILED
00890005,-999.0,-999.0,FAILED
00910030,-999.0,-999.0,FAILED
00910860,-999.0,-999.0,FAILED
00930001,42.4106815,-71.0538537,GEOCODED
00930003,42.4049445,-71.0654445,GEOCODED
00930010,42.4039046,-71.0576841,GEOCODED
00930015,42.4125143,-71.0389637,GEOCODED
00930018,42.4135036,-71.0681902,GEOCODED
00930028,42.4088864,-71.0448236,GEOCODED
00930030,42.4082683,-71.0559113,GEOCODED
00930038,42.4217074,-71.0504561,GEOCODED
00930058,42.4107245,-71.050516,GEOCODED
00930505,42.4143146,-71.0443469,GEOCODED
00930825,42.4055377,-71.0589211,GEOCODED
00940010,-999.0,-999.0,FAILED
00940030,-999.0,-999.0,FAILED
00940305,-999.0,-999.0,FAILED
00940505,-999.0,-999.0,FAILED
00940815,-999.0,-999.0,FAILED
00940860,-999.0,-999.0,FAILED
00950001,-999.0,-999.0,FAILED
00950002,-999.0,-999.0,FAILED
00950005,-999.0,-999.0,FAILED
00950009,-999.0,-999.0,FAILED
00950011,-999.0,-999.0,FAILED
00950013,-999.0,-999.0,FAILED
00950017,-999.0,-999.0,FAILED
00950045,-999.0,-999.0,FAILED
00950065,-999.0,-999.0,FAILED
00950130,-999.0,-999.0,FAILED
00950140,-999.0,-999.0,FAILED
00950145,-999.0,-999.0,FAILED
00950150,-999.0,-999.0,FAILED
00950305,-999.0,-999.0,FAILED
00950315,-999.0,-999.0,FAILED
00950320,-999.0,-999.0,FAILED
00950340,-999.0,-999.0,FAILED
00950505,-999.0,-999.0,FAILED
00950525,-999.0,-999.0,FAILED
00950810,-999.0,-999.0,FAILED
00950815,-999.0,-999.0,FAILED
00950820,-999.0,-999.0,FAILED
00950828,-999.0,-999.0,FAILED
00950830,-999.0,-999.0,FAILED
00950840,-999.0,-999.0,FAILED
00950860,-999.0,-999.0,FAILED
00950890,-999.0,-999.0,FAILED
00950915,-999.0,-999.0,FAILED
00960005,-999.0,-999.0,FAILED
00960015,-999.0,-999.0,FAILED
00960020,-999.0,-999.0,FAILED
00960030,-999.0,-999.0,FAILED
00960305,-999.0,-999.0,FAILED
00960405,-999.0,-999.0,FAILED
00960505,-999.0,-999.0,FAILED
00960805,-999.0,-999.0,FAILED
00960820,-999.0,-999.0,FAILED
00970016,-999.0,-999.0,FAILED
00970043,-999.0,-999.0,FAILED
00970048,-999.0,-999.0,FAILED
00970060,-999.0,-999.0,FAILED
00970315,-999.0,-999.0,FAILED
00970340,-999.0,-999.0,FAILED
00970505,-999.0,-999.0,FAILED
00970510,-999.0,-999.0,FAILED
00970805,-999.0,-999.0,FAILED
00970825,-999.0,-999.0,FAILED
00970840,-999.0,-999.0,FAILED
00970845,-999.0,-999.0,FAILED
00980005,-999.0,-999.0,FAILED
00990015,-999.0,-999.0,FAILED
00990020,-999.0,-999.0,FAILED
00990050,-999.0,-999.0,FAILED
00990405,-999.0,-999.0,FAILED
00990505,-999.0,-999.0,FAILED
00990825,-999.0,-999.0,FAILED
01000001,-999.0,-999.0,FAILED
01000005,-999.0,-999.0,FAILED
01000006,-999.0,-999.0,FAILED
01000007,-999.0,-999.0,FAILED
01000015,-999.0,-999.0,FAILED
01000035,-999.0,-999.0,FAILED
01000039,-999.0,-999.0,FAILED
01000045,-999.0,-999.0,FAILED
01000050,-999.0,-999.0,FAILED
01000055,-999.0,-999.0,FAILED
01000302,-999.0,-999.0,FAILED
01000305,-999.0,-999.0,FAILED
01000310,-999.0,-999.0,FAILED
01000515,-999.0,-999.0,FAILED
01000800,-999.0,-999.0,FAILED
01000802,-999.0,-999.0,FAILED
01000810,-999.0,-999.0,FAILED
01000825,-999.0,-999.0,FAILED
01000845,-999.0,-999.0,FAILED
01000860,-999.0,-999.0,FAILED
01000868,-999.0,-999.0,FAILED
01010003,-999.0,-999.0,FAILED
01010004,-999.0,-999.0,FAILED
01010005,-999.0,-999.0,FAILED
01010014,-999.0,-999.0,FAILED
01010015,-999.0,-999.0,FAILED
01010305,-999.0,-999.0,FAILED
01010505,-999.0,-999.0,FAILED
01020805,-999.0,-999.0,FAILED
01020825,-999.0,-999.0,FAILED
01030001,-999.0,-999.0,FAILED
01030405,-999.0,-999.0,FAILED
01030505,-999.0,-999.0,FAILED
01030515,-999.0,-999.0,FAILED
01030805,-999.0,-999.0,FAILED
01050005,-999.0,-999.0,FAILED
01050010,-999.0,-999.0,FAILED
01050305,-999.0,-999.0,FAILED
01050505,-999.0,-999.0,FAILED
01060830,-999.0,-999.0,FAILED
01070010,-999.0,-999.0,FAILED
01070025,-999.0,-999.0,FAILED
01070030,-999.0,-999.0,FAILED
01070042,-999.0,-999.0,FAILED
01070050,-999.0,-999.0,FAILED
01070305,-999.0,-999.0,FAILED
01070505,-999.0,-999.0,FAILED
01070825,-999.0,-999.0,FAILED
01090005,-999.0,-999.0,FAILED
01100005,-999.0,-999.0,FAILED
01100025,-999.0,-999.0,FAILED
01100030,-999.0,-999.0,FAILED
01100200,-999.0,-999.0,FAILED
01100305,-999.0,-999.0,FAILED
01100505,-999.0,-999.0,FAILED
01100805,-999.0,-999.0,FAILED
01100830,-999.0,-999.0,FAILED
01110004,-999.0,-999.0,FAILED
01110505,-999.0,-999.0,FAILED
01110815,-999.0,-999.0,FAILED
01130803,-999.0,-999.0,FAILED
01130805,-999.0,-999.0,FAILED
01130812,-999.0,-999.0,FAILED
01130820,-999.0,-999.0,FAILED
01130850,-999.0,-999.0,FAILED
01130860,-999.0,-999.0,FAILED
01140005,-999.0,-999.0,FAILED
01140010,-999.0,-999.0,FAILED
01140025,-999.0,-999.0,FAILED
01140035,-999.0,-999.0,FAILED
01140305,-999.0,-999.0,FAILED
01140505,-999.0,-999.0,FAILED
01140805,-999.0,-999.0,FAILED
01140820,-999.0,-999.0,FAILED
01140840,-999.0,-999.0,FAILED
01140846,-999.0,-999.0,FAILED
01150802,-999.0,-999.0,FAILED
01150805,-999.0,-999.0,FAILED
01150815,-999.0,-999.0,FAILED
01150820,-999.0,-999.0,FAILED
01170015,-999.0,-999.0,FAILED
01170505,-999.0,-999.0,FAILED
01180005,-999.0,-999.0,FAILED
01190805,-999.0,-999.0,FAILED
01210005,-999.0,-999.0,FAILED
01220004,-999.0,-999.0,FAILED
01220005,-999.0,-999.0,FAILED
01220305,-999.0,-999.0,FAILED
01220505,-999.0,-999.0,FAILED
01220805,-999.0,-999.0,FAILED
01240810,-999.0,-999.0,FAILED
01250005,42.3657432,-71.1222139,GEOCODED
01250305,42.3657432,-71.1222139,GEOCODED
01250505,42.3657432,-71.1222139,GEOCODED
01250810,42.3657432,-71.1222139,GEOCODED
01260810,-999.0,-999.0,FAILED
01260820,-999.0,-999.0,FAILED
01260825,-999.0,-999.0,FAILED
01270005,-999.0,-999.0,FAILED
01270505,-999.0,-999.0,FAILED
01280001,-999.0,-999.0,FAILED
01280008,-999.0,-999.0,FAILED
01280026,-999.0,-999.0,FAILED
01280030,-999.0,-999.0,FAILED
01280033,-999.0,-999.0,FAILED
01280045,-999.0,-999.0,FAILED
01280050,-999.0,-999.0,FAILED
01280054,-999.0,-999.0,FAILED
01280067,-999.0,-999.0,FAILED
01280073,-999.0,-999.0,FAILED
01280075,-999.0,-999.0,FAILED
01280080,-999.0,-999.0,FAILED
01280085,-999.0,-999.0,FAILED
01280100,-999.0,-999.0,FAILED
01280505,-999.0,-999.0,FAILED
01280515,-999.0,-999.0,FAILED
01280805,-999.0,-999.0,FAILED
01280820,-999.0,-999.0,FAILED
01280850,-999.0,-999.0,FAILED
01310005,42.2391342,-70.8662324,GEOCODED
01310010,42.2529635,-70.901596,GEOCODED
01310019,42.21119,-70.9020203,GEOCODED
01310020,42.2018672,-70.8838562,GEOCODED
01310410,42.2417669,-70.8897676,GEOCODED
01310505,42.2252909,-70.8777078,GEOCODED
01310805,42.2477579,-70.9211753,GEOCODED
01310810,42.24794,-70.8954286,GEOCODED
01310815,42.2417669,-70.8897676,GEOCODED
01310817,42.2417669,-70.8897676,GEOCODED
01310820,42.2431682,-70.8906748,GEOCODED
01310835,42.2417669,-70.8897676,GEOCODED
01310840,-999.0,-999.0,FAILED
01330018,-999.0,-999.0,FAILED
01330505,-999.0,-999.0,FAILED
01330805,-999.0,-999.0,FAILED
01340810,-999.0,-999.0,FAILED
01350005,-999.0,-999.0,FAILED
01360007,-999.0,-999.0,FAILED
01360010,-999.0,-999.0,FAILED
01360305,-999.0,-999.0,FAILED
01360505,-999.0,-999.0,FAILED
01370003,-999.0,-999.0,FAILED
01370015,-999.0,-999.0,FAILED
01370025,-999.0,-999.0,FAILED
01370040,-999.0,-999.0,FAILED
01370045,-999.0,-999.0,FAILED
01370055,-999.0,-999.0,FAILED
01370060,-999.0,-999.0,FAILED
01370070,-999.0,-999.0,FAILED
01370330,-999.0,-999.0,FAILED
01370505,-999.0,-999.0,FAILED
01370805,-999.0,-999.0,FAILED
01370815,-999.0,-999.0,FAILED
01370820,-999.0,-999.0,FAILED
01370825,-999.0,-999.0,FAILED
01370840,-999.0,-999.0,FAILED
01370845,-999.0,-999.0,FAILED
01370850,-999.0,-999.0,FAILED
01370865,-999.0,-999.0,FAILED
01370887,-999.0,-999.0,FAILED
01380003,-999.0,-999.0,FAILED
01380010,-999.0,-999.0,FAILED
01380505,-999.0,-999.0,FAILED
01390003,-999.0,-999.0,FAILED
01390005,-999.0,-999.0,FAILED
01390010,-999.0,-999.0,FAILED
01390015,-999.0,-999.0,FAILED
01390305,-999.0,-999.0,FAILED
01390505,-999.0,-999.0,FAILED
01390805,-999.0,-999.0,FAILED
01410007,-999.0,-999.0,FAILED
01410015,-999.0,-999.0,FAILED
01410030,-999.0,-999.0,FAILED
01410410,-999.0,-999.0,FAILED
01410505,-999.0,-999.0,FAILED
01410850,-999.0,-999.0,FAILED
01420015,42.3067806,-70.9088418,GEOCODED
01420505,42.3043776,-70.9205537,GEOCODED
01440007,-999.0,-999.0,FAILED
01440015,-999.0,-999.0,FAILED
01440305,-999.0,-999.0,FAILED
01440505,-999.0,-999.0,FAILED
01450005,-999.0,-999.0,FAILED
01450020,-999.0,-999.0,FAILED
01450815,-999.0,-999.0,FAILED
01450820,-999.0,-999.0,FAILED
01460815,-999.0,-999.0,FAILED
01470810,-999.0,-999.0,FAILED
01470815,-999.0,-999.0,FAILED
01470830,-999.0,-999.0,FAILED
01470840,-999.0,-999.0,FAILED
01470850,-999.0,-999.0,FAILED
01480805,-999.0,-999.0,FAILED
01490001,-999.0,-999.0,FAILED
01490002,-999.0,-999.0,FAILED
01490003,-999.0,-999.0,FAILED
01490004,-999.0,-999.0,FAILED
01490009,-999.0,-999.0,FAILED
01490011,-999.0,-999.0,FAILED
01490015,-999.0,-999.0,FAILED
01490017,-999.0,-999.0,FAILED
01490018,-999.0,-999.0,FAILED
01490020,-999.0,-999.0,FAILED
01490022,-999.0,-999.0,FAILED
01490025,-999.0,-999.0,FAILED
01490027,-999.0,-999.0,FAILED
01490040,-999.0,-999.0,FAILED
01490048,-999.0,-999.0,FAILED
01490049,-999.0,-999.0,FAILED
01490053,-999.0,-999.0,FAILED
01490075,-999.0,-999.0,FAILED
01490080,-999.0,-999.0,FAILED
01490085,-999.0,-999.0,FAILED
01490515,-999.0,-999.0,FAILED
01490525,-999.0,-999.0,FAILED
01490536,-999.0,-999.0,FAILED
01490537,-999.0,-999.0,FAILED
01490615,-999.0,-999.0,FAILED
01490802,-999.0,-999.0,FAILED
01490810,-999.0,-999.0,FAILED
01490860,-999.0,-999.0,FAILED
01490880,-999.0,-999.0,FAILED
01490890,-999.0,-999.0,FAILED
01490895,-999.0,-999.0,FAILED
01500025,-999.0,-999.0,FAILED
01500505,-999.0,-999.0,FAILED
01500805,-999.0,-999.0,FAILED
01500810,-999.0,-999.0,FAILED
01500815,-999.0,-999.0,FAILED
01510001,-999.0,-999.0,FAILED
01510005,-999.0,-999.0,FAILED
01510015,-999.0,-999.0,FAILED
01510505,-999.0,-999.0,FAILED
01510810,-999.0,-999.0,FAILED
01520015,-999.0,-999.0,FAILED
01520505,-999.0,-999.0,FAILED
01520805,-999.0,-999.0,FAILED
01520810,-999.0,-999.0,FAILED
01520820,-999.0,-999.0,FAILED
01530003,-999.0,-999.0,FAILED
01530005,-999.0,-999.0,FAILED
01530007,-999.0,-999.0,FAILED
01530010,-999.0,-999.0,FAILED
01530025,-999.0,-999.0,FAILED
01530030,-999.0,-999.0,FAILED
01530040,-999.0,-999.0,FAILED
01530045,-999.0,-999.0,FAILED
01530320,-999.0,-999.0,FAILED
01530505,-999.0,-999.0,FAILED
01530515,-999.0,-999.0,FAILED
01530605,-999.0,-999.0,FAILED
01530705,-999.0,-999.0,FAILED
01530810,-999.0,-999.0,FAILED
01530820,-999.0,-999.0,FAILED
01540005,-999.0,-999.0,FAILED
01550001,42.4374982,-71.2180891,GEOCODED
01550006,42.438101,-71.2455542,GEOCODED
01550008,42.4261801,-71.2149313,GEOCODED
01550010,42.4782572,-71.2370516,GEOCODED
01550015,42.4587886,-71.2206308,GEOCODED
01550030,42.4455993,-71.1987499,GEOCODED
01550035,42.4453658,-71.2543759,GEOCODED
01550305,42.4315273,-71.229118,GEOCODED
01550310,42.4640988,-71.2273694,GEOCODED
01550505,42.4452046,-71.2340947,GEOCODED
01550802,42.4334339,-71.2263376,GEOCODED
01550805,42.4357188,-71.1931655,GEOCODED
01550806,42.4211206,-71.251719,GEOCODED
01550810,42.4203711,-71.2373441,GEOCODED
01550815,42.4387719,-71.2172759,GEOCODED
01550820,42.4281224,-71.2069052,GEOCODED
01550830,42.4298618,-71.2060215,GEOCODED
01550865,42.4632268,-71.2614692,GEOCODED
01570025,42.4245941,-71.3140096,GEOCODED
01570305,42.4567809,-71.2782078,GEOCODED
01570805,42.4276391,-71.3210274,GEOCODED
01570815,42.4391588,-71.3008078,GEOCODED
01580005,-999.0,-999.0,FAILED
01580015,-999.0,-999.0,FAILED
01580305,-999.0,-999.0,FAILED
01580505,-999.0,-999.0,FAILED
01580820,-999.0,-999.0,FAILED
01580860,-999.0,-999.0,FAILED
01590005,-999.0,-999.0,FAILED
01590010,-999.0,-999.0,FAILED
01590017,-999.0,-999.0,FAILED
01590025,-999.0,-999.0,FAILED
01590305,-999.0,-999.0,FAILED
01590505,-999.0,-999.0,FAILED
01590805,-999.0,-999.0,FAILED
01590815,-999.0,-999.0,FAILED
01590820,-999.0,-999.0,FAILED
01590860,-999.0,-999.0,FAILED
01600001,-999.0,-999.0,FAILED
01600002,-999.0,-999.0,FAILED
01600005,-999.0,-999.0,FAILED
01600010,-999.0,-999.0,FAILED
01600015,-999.0,-999.0,FAILED
01600018,-999.0,-999.0,FAILED
01600020,-999.0,-999.0,FAILED
01600027,-999.0,-999.0,FAILED
01600030,-999.0,-999.0,FAILED
01600036,-999.0,-999.0,FAILED
01600040,-999.0,-999.0,FAILED
01600050,-999.0,-999.0,FAILED
01600055,-999.0,-999.0,FAILED
01600075,-999.0,-999.0,FAILED
01600080,-999.0,-999.0,FAILED
01600085,-999.0,-999.0,FAILED
01600090,-999.0,-999.0,FAILED
01600310,-999.0,-999.0,FAILED
01600315,-999.0,-999.0,FAILED
01600320,-999.0,-999.0,FAILED
01600330,-999.0,-999.0,FAILED
01600340,-999.0,-999.0,FAILED
01600345,-999.0,-999.0,FAILED
01600360,-999.0,-999.0,FAILED
01600505,-999.0,-999.0,FAILED
01600515,-999.0,-999.0,FAILED
01600605,-999.0,-999.0,FAILED
01600805,-999.0,-999.0,FAILED
01600815,-999.0,-999.0,FAILED
01600835,-999.0,-999.0,FAILED
01600860,-999.0,-999.0,FAILED
01600870,-999.0,-999.0,FAILED
01600875,-999.0,-999.0,FAILED
01600880,-999.0,-999.0,FAILED
01600890,-999.0,-999.0,FAILED
01600895,-999.0,-999.0,FAILED
01600896,-999.0,-999.0,FAILED
01610010,-999.0,-999.0,FAILED
01610305,-999.0,-999.0,FAILED
01610505,-999.0,-999.0,FAILED
01610665,-999.0,-999.0,FAILED
01610805,-999.0,-999.0,FAILED
01620010,-999.0,-999.0,FAILED
01620025,-999.0,-999.0,FAILED
01620305,-999.0,-999.0,FAILED
01620505,-999.0,-999.0,FAILED
01620605,-999.0,-999.0,FAILED
01630004,42.466763,-70.9494939,GEOCODED
01630005,42.461795,-70.9541399,GEOCODED
01630011,42.4792154,-70.9330952,GEOCODED
01630016,42.4607258,-70.9693603,GEOCODED
01630020,42.466104,-70.9309701,GEOCODED
01630030,42.4676604,-70.9841369,GEOCODED
01630035,42.4646865,-70.9551447,GEOCODED
01630040,42.4613219,-70.9627794,GEOCODED
01630045,42.4645528,-70.9389791,GEOCODED
01630050,42.4711599,-70.946947,GEOCODED
01630055,42.4784314,-70.9385982,GEOCODED
01630060,42.4720069,-70.9367519,GEOCODED
01630070,42.4678993,-70.9769756,GEOCODED
01630075,42.4958746,-70.9715314,GEOCODED
01630080,42.468802,-70.970559,GEOCODED
01630085,42.4732658,-70.9677634,GEOCODED
01630090,42.5046111,-70.9836262,GEOCODED
01630095,42.4865679,-70.9587085,GEOCODED
01630100,42.4691522,-70.9665713,GEOCODED
01630305,42.4706939,-70.9301325,GEOCODED
01630405,42.470496,-70.9846219,GEOCODED
01630420,42.4865679,-70.9587085,GEOCODED
01630505,42.465264,-70.9857347,GEOCODED
01630510,42.4765514,-70.9442322,GEOCODED
01630525,42.4635936,-70.9597415,GEOCODED
01630555,42.4635936,-70.9597415,GEOCODED
01630575,42.4604227,-70.9431148,GEOCODED
01630605,42.4592897,-70.955023,GEOCODED
01630625,42.4925145,-70.9708346,GEOCODED
01630810,42.476252,-70.9278469,GEOCODED
01630855,42.4883185,-70.9536754,GEOCODED
01630865,42.464966,-70.9739264,GEOCODED
01630885,42.4627946,-70.9508477,GEOCODED
01630900,42.4800637,-70.9496521,GEOCODED
01640005,42.5340579,-71.039825,GEOCODED
01640010,42.523454,-71.0234418,GEOCODED
01640020,42.5340579,-71.039825,GEOCODED
01640405,42.5358149,-71.0507229,GEOCODED
01640505,42.5384416,-71.0325256,GEOCODED
01640820,42.5149124,-71.0056042,GEOCODED
01640850,42.5146321,-71.0022621,GEOCODED
01650003,42.4270853,-71.0791098,GEOCODED
01650013,42.4216111,-71.0599073,GEOCODED
01650027,42.4404026,-71.0538165,GEOCODED
01650047,42.4338111,-71.0344583,GEOCODED
01650049,42.4315701,-71.0632336,GEOCODED
01650057,42.430707,-71.0510221,GEOCODED
01650505,42.426765,-71.0650665,GEOCODED
01650805,42.4260073,-71.0664816,GEOCODED
01650830,42.4267433,-71.046367,GEOCODED
01660805,-999.0,-999.0,FAILED
01660810,-999.0,-999.0,FAILED
01670003,-999.0,-999.0,FAILED
01670007,-999.0,-999.0,FAILED
01670014,-999.0,-999.0,FAILED
01670035,-999.0,-999.0,FAILED
01670505,-999.0,-999.0,FAILED
01670810,-999.0,-999.0,FAILED
01670815,-999.0,-999.0,FAILED
01670820,-999.0,-999.0,FAILED
01670850,-999.0,-999.0,FAILED
01680016,42.503061,-70.867481,GEOCODED
01680020,42.4901659,-70.8797673,GEOCODED
01680030,42.4969574,-70.8716769,GEOCODED
01680300,42.4981717,-70.8623273,GEOCODED
01680505,42.4920322,-70.8687296,GEOCODED
01680800,42.4851829,-70.8751512,GEOCODED
01680805,42.4942767,-70.8667395,GEOCODED
01680820,42.4971396,-70.8741674,GEOCODED
01690005,-999.0,-999.0,FAILED
01690815,-999.0,-999.0,FAILED
01700006,-999.0,-999.0,FAILED
01700008,-999.0,-999.0,FAILED
01700020,-999.0,-999.0,FAILED
01700025,-999.0,-999.0,FAILED
01700030,-999.0,-999.0,FAILED
01700045,-999.0,-999.0,FAILED
01700505,-999.0,-999.0,FAILED
01700803,-999.0,-999.0,FAILED
01700805,-999.0,-999.0,FAILED
01700810,-999.0,-999.0,FAILED
01700820,-999.0,-999.0,FAILED
01700901,-999.0,-999.0,FAILED
01710001,-999.0,-999.0,FAILED
01710005,-999.0,-999.0,FAILED
01710010,-999.0,-999.0,FAILED
01710015,-999.0,-999.0,FAILED
01710020,-999.0,-999.0,FAILED
01710025,-999.0,-999.0,FAILED
01710310,-999.0,-999.0,FAILED
01710505,-999.0,-999.0,FAILED
01720005,-999.0,-999.0,FAILED
01720035,-999.0,-999.0,FAILED
01720505,-999.0,-999.0,FAILED
01730005,-999.0,-999.0,FAILED
01730010,-999.0,-999.0,FAILED
01740010,-999.0,-999.0,FAILED
01740305,-999.0,-999.0,FAILED
01740505,-999.0,-999.0,FAILED
01740810,-999.0,-999.0,FAILED
01740850,-999.0,-999.0,FAILED
01750003,-999.0,-999.0,FAILED
01750005,-999.0,-999.0,FAILED
01750007,-999.0,-999.0,FAILED
01750305,-999.0,-999.0,FAILED
01750505,-999.0,-999.0,FAILED
01760068,42.4093169,-71.0978235,GEOCODED
01760130,42.4210535,-71.1281237,GEOCODED
01760140,42.4014712,-71.1018895,GEOCODED
01760150,42.4218126,-71.0994721,GEOCODED
01760315,42.4117859,-71.0983715,GEOCODED
01760320,42.4178413,-71.1121929,GEOCODED
01760505,42.4301331,-71.1258644,GEOCODED
01760510,42.4027926,-71.107253,GEOCODED
01760820,42.4195284,-71.1149334,GEOCODED
01760825,42.4210744,-71.1349297,GEOCODED
01770013,-999.0,-999.0,FAILED
01770015,-999.0,-999.0,FAILED
01770305,-999.0,-999.0,FAILED
01770505,-999.0,-999.0,FAILED
01780003,42.4665004,-71.0620708,GEOCODED
01780017,42.4495771,-71.0497996,GEOCODED
01780020,42.4519857,-71.0716397,GEOCODED
01780025,42.4686587,-71.0566574,GEOCODED
01780035,42.4658621,-71.0712904,GEOCODED
01780050,42.4577866,-71.0516299,GEOCODED
01780305,42.4643312,-71.0666955,GEOCODED
01780505,42.4640103,-71.0664823,GEOCODED
01780805,42.4532506,-71.0681812,GEOCODED
01780815,42.4663436,-71.1340884,GEOCODED
01790805,-999.0,-999.0,FAILED
01790830,-999.0,-999.0,FAILED
01800805,-999.0,-999.0,FAILED
01800820,-999.0,-999.0,FAILED
01800860,-999.0,-999.0,FAILED
01810001,-999.0,-999.0,FAILED
01810030,-999.0,-999.0,FAILED
01810050,-999.0,-999.0,FAILED
01810055,-999.0,-999.0,FAILED
01810060,-999.0,-999.0,FAILED
01810505,-999.0,-999.0,FAILED
01810812,-999.0,-999.0,FAILED
01810815,-999.0,-999.0,FAILED
01810825,-999.0,-999.0,FAILED
01810835,-999.0,-999.0,FAILED
01820008,-999.0,-999.0,FAILED
01820010,-999.0,-999.0,FAILED
01820011,-999.0,-999.0,FAILED
01820305,-999.0,-999.0,FAILED
01820505,-999.0,-999.0,FAILED
01820802,-999.0,-999.0,FAILED
01820805,-999.0,-999.0,FAILED
01820830,-999.0,-999.0,FAILED
01840003,-999.0,-999.0,FAILED
01840005,-999.0,-999.0,FAILED
01840850,-999.0,-999.0,FAILED
01850010,-999.0,-999.0,FAILED
01850065,-999.0,-999.0,FAILED
01850075,-999.0,-999.0,FAILED
01850090,-999.0,-999.0,FAILED
01850305,-999.0,-999.0,FAILED
01850505,-999.0,-999.0,FAILED
01850805,-999.0,-999.0,FAILED
01860017,-999.0,-999.0,FAILED
01860025,-999.0,-999.0,FAILED
01860505,-999.0,-999.0,FAILED
01860805,-999.0,-999.0,FAILED
01860860,-999.0,-999.0,FAILED
01870005,-999.0,-999.0,FAILED
01870020,-999.0,-999.0,FAILED
01870505,-999.0,-999.0,FAILED
01870515,-999.0,-999.0,FAILED
01870805,-999.0,-999.0,FAILED
01890005,42.2536865,-71.0522479,GEOCODED
01890007,42.2536865,-71.0522479,GEOCODED
01890010,42.2614214,-71.0749931,GEOCODED
01890020,42.2608855,-71.094314,GEOCODED
01890410,42.256998,-71.083937,GEOCODED
01890505,42.2513629,-71.0872201,GEOCODED
01890803,42.2468622,-71.1033193,GEOCODED
01890805,42.258513,-71.059931,GEOCODED
01890815,42.2615093,-71.0927735,GEOCODED
01890825,42.2604948,-71.0452851,GEOCODED
01890830,42.2625001,-71.0873387,GEOCODED
01890835,42.2559824,-71.0704744,GEOCODED
01890846,42.2224413,-71.1192198,GEOCODED
01910010,-999.0,-999.0,FAILED
01910030,-999.0,-999.0,FAILED
01910505,-999.0,-999.0,FAILED
01920830,-999.0,-999.0,FAILED
01960010,42.4221377,-70.933819,GEOCODED
01970005,-999.0,-999.0,FAILED
01970010,-999.0,-999.0,FAILED
01970020,-999.0,-999.0,FAILED
01970505,-999.0,-999.0,FAILED
01970810,-999.0,-999.0,FAILED
01970815,-999.0,-999.0,FAILED
01980005,42.2836393,-71.346996,GEOCODED
01980010,42.2836393,-71.346996,GEOCODED
01980035,42.2949556,-71.3272459,GEOCODED
01980043,42.270141,-71.3235361,GEOCODED
01980305,42.2836393,-71.346996,GEOCODED
01980310,42.2836393,-71.346996,GEOCODED
01980505,42.2836393,-71.346996,GEOCODED
01980805,42.3197566,-71.3381795,GEOCODED
01980806,42.2727792,-71.3458949,GEOCODED
01980810,42.2920922,-71.3455355,GEOCODED
01980815,42.273914,-71.3155908,GEOCODED
01980825,42.2727233,-71.315674,GEOCODED
01980830,42.2836393,-71.346996,GEOCODED
01980850,-999.0,-999.0,FAILED
01990005,42.2790736,-71.2080797,GEOCODED
01990020,42.3053524,-71.2407445,GEOCODED
01990035,42.2997425,-71.2475276,GEOCODED
01990040,42.2888512,-71.2227119,GEOCODED
01990050,42.2822228,-71.254984,GEOCODED
01990405,42.2757218,-71.2262433,GEOCODED
01990410,42.2747537,-71.2434645,GEOCODED
01990505,42.2868365,-71.231587,GEOCODED
01990810,42.2822322,-71.2347298,GEOCODED
01990820,42.2588631,-71.2698511,GEOCODED
01990825,42.2835413,-71.2062712,GEOCODED
01990850,42.2892537,-71.2550014,GEOCODED
01990860,42.269383,-71.2066761,GEOCODED
01990865,-999.0,-999.0,FAILED
01990870,42.3053149,-71.229082,GEOCODED
01990875,42.303762,-71.2209426,GEOCODED
02010010,-999.0,-999.0,FAILED
02010015,-999.0,-999.0,FAILED
02010020,-999.0,-999.0,FAILED
02010040,-999.0,-999.0,FAILED
02010045,-999.0,-999.0,FAILED
02010050,-999.0,-999.0,FAILED
02010063,-999.0,-999.0,FAILED
02010070,-999.0,-999.0,FAILED
02010075,-999.0,-999.0,FAILED
02010078,-999.0,-999.0,FAILED
02010095,-999.0,-999.0,FAILED
02010105,-999.0,-999.0,FAILED
02010115,-999.0,-999.0,FAILED
02010123,-999.0,-999.0,FAILED
02010125,-999.0,-999.0,FAILED
02010130,-999.0,-999.0,FAILED
02010135,-999.0,-999.0,FAILED
02010140,-999.0,-999.0,FAILED
02010405,-999.0,-999.0,FAILED
02010410,-999.0,-999.0,FAILED
02010415,-999.0,-999.0,FAILED
02010505,-999.0,-999.0,FAILED
02010510,-999.0,-999.0,FAILED
02010515,-999.0,-999.0,FAILED
02010803,-999.0,-999.0,FAILED
02010805,-999.0,-999.0,FAILED
02010810,-999.0,-999.0,FAILED
02010823,-999.0,-999.0,FAILED
02010828,-999.0,-999.0,FAILED
02010829,-999.0,-999.0,FAILED
02010845,-999.0,-999.0,FAILED
02010855,-999.0,-999.0,FAILED
02010865,-999.0,-999.0,FAILED
02010870,-999.0,-999.0,FAILED
02010885,-999.0,-999.0,FAILED
02030805,-999.0,-999.0,FAILED
02040005,-999.0,-999.0,FAILED
02040030,-999.0,-999.0,FAILED
02040305,-999.0,-999.0,FAILED
02040505,-999.0,-999.0,FAILED
02040805,-999.0,-999.0,FAILED
02040815,-999.0,-999.0,FAILED
02040850,-999.0,-999.0,FAILED
02070005,42.3271552,-71.2338062,GEOCODED
02070015,42.3218912,-71.1864582,GEOCODED
02070020,42.3530042,-71.2427504,GEOCODED
02070025,42.3488612,-71.1986649,GEOCODED
02070040,42.3129863,-71.2027754,GEOCODED
02070055,42.3584024,-71.2283157,GEOCODED
02070070,42.359339,-71.193963,GEOCODED
02070075,42.3605249,-71.2088545,GEOCODED
02070080,42.3325898,-71.19935,GEOCODED
02070100,42.3421645,-71.2310817,GEOCODED
02070105,42.3018213,-71.1781721,GEOCODED
02070108,42.354887,-71.2135957,GEOCODED
02070115,42.3551528,-71.1837037,GEOCODED
02070120,42.3409049,-71.1784226,GEOCODED
02070125,42.3422796,-71.2494001,GEOCODED
02070130,42.3293992,-71.2177822,GEOCODED
02070305,42.3535649,-71.1811836,GEOCODED
02070310,42.3090012,-71.1898275,GEOCODED
02070315,42.357996,-71.2131583,GEOCODED
02070320,42.3103515,-71.1923037,GEOCODED
02070505,42.3454372,-71.2075842,GEOCODED
02070510,42.3132195,-71.1874152,GEOCODED
02070801,42.3510959,-71.2103228,GEOCODED
02070802,42.3334225,-71.168536,GEOCODED
02070810,42.3561024,-71.1946667,GEOCODED
02070815,42.2205956,-71.0041229,GEOCODED
02070818,42.2675754,-71.1970695,GEOCODED
02070820,42.3300435,-71.194862,GEOCODED
02070825,42.328371,-71.1654638,GEOCODED
02070836,42.338595,-71.1741834,GEOCODED
02070845,42.3457483,-71.1916508,GEOCODED
02070855,42.3578871,-71.2203304,GEOCODED
02070859,42.2912331,-71.1958266,GEOCODED
02070860,42.3401138,-71.1546813,GEOCODED
02070867,42.3463263,-71.2332417,GEOCODED
02070871,42.3262935,-71.1622732,GEOCODED
02070880,42.356535,-71.1941758,GEOCODED
02070885,42.2008694,-71.1554387,GEOCODED
02070901,42.3070311,-71.2159155,GEOCODED
02080005,-999.0,-999.0,FAILED
02080015,-999.0,-999.0,FAILED
02090008,-999.0,-999.0,FAILED
02090035,-999.0,-999.0,FAILED
02090505,-999.0,-999.0,FAILED
02100005,-999.0,-999.0,FAILED
02100020,-999.0,-999.0,FAILED
02100025,-999.0,-999.0,FAILED
02100029,-999.0,-999.0,FAILED
02100410,-999.0,-999.0,FAILED
02100505,-999.0,-999.0,FAILED
02100805,-999.0,-999.0,FAILED
02100810,-999.0,-999.0,FAILED
02100815,-999.0,-999.0,FAILED
02100818,-999.0,-999.0,FAILED
02100820,-999.0,-999.0,FAILED
02100835,-999.0,-999.0,FAILED
02100860,-999.0,-999.0,FAILED
02100870,-999.0,-999.0,FAILED
02110001,-999.0,-999.0,FAILED
02110005,-999.0,-999.0,FAILED
02110010,-999.0,-999.0,FAILED
02110018,-999.0,-999.0,FAILED
02110020,-999.0,-999.0,FAILED
02110305,-999.0,-999.0,FAILED
02110505,-999.0,-999.0,FAILED
02110805,-999.0,-999.0,FAILED
02110810,-999.0,-999.0,FAILED
02110835,-999.0,-999.0,FAILED
02120007,-999.0,-999.0,FAILED
02120010,-999.0,-999.0,FAILED
02120013,-999.0,-999.0,FAILED
02120015,-999.0,-999.0,FAILED
02120020,-999.0,-999.0,FAILED
02120030,-999.0,-999.0,FAILED
02120305,-999.0,-999.0,FAILED
02120505,-999.0,-999.0,FAILED
02120810,-999.0,-999.0,FAILED
02130003,-999.0,-999.0,FAILED
02130014,-999.0,-999.0,FAILED
02130015,-999.0,-999.0,FAILED
02130020,-999.0,-999.0,FAILED
02130305,-999.0,-999.0,FAILED
02130803,-999.0,-999.0,FAILED
02130820,-999.0,-999.0,FAILED
02130825,-999.0,-999.0,FAILED
02140001,-999.0,-999.0,FAILED
02140305,-999.0,-999.0,FAILED
02140505,-999.0,-999.0,FAILED
02140820,-999.0,-999.0,FAILED
02150015,-999.0,-999.0,FAILED
02150505,-999.0,-999.0,FAILED
02150805,-999.0,-999.0,FAILED
02150810,-999.0,-999.0,FAILED
02160810,-999.0,-999.0,FAILED
02170003,-999.0,-999.0,FAILED
02170005,-999.0,-999.0,FAILED
02170010,-999.0,-999.0,FAILED
02170305,-999.0,-999.0,FAILED
02170505,-999.0,-999.0,FAILED
02180010,-999.0,-999.0,FAILED
02180015,-999.0,-999.0,FAILED
02180060,-999.0,-999.0,FAILED
02180305,-999.0,-999.0,FAILED
02180505,-999.0,-999.0,FAILED
02180805,-999.0,-999.0,FAILED
02190005,-999.0,-999.0,FAILED
02190020,-999.0,-999.0,FAILED
02190405,-999.0,-999.0,FAILED
02190505,-999.0,-999.0,FAILED
02190830,-999.0,-999.0,FAILED
02200001,-999.0,-999.0,FAILED
02200005,-999.0,-999.0,FAILED
02200010,-999.0,-999.0,FAILED
02200015,-999.0,-999.0,FAILED
02200020,42.2039845,-71.2041449,GEOCODED
02200025,-999.0,-999.0,FAILED
02200075,-999.0,-999.0,FAILED
02200305,-999.0,-999.0,FAILED
02200505,-999.0,-999.0,FAILED
02200805,-999.0,-999.0,FAILED
02200815,-999.0,-999.0,FAILED
02200820,-999.0,-999.0,FAILED
02200825,-999.0,-999.0,FAILED
02210005,-999.0,-999.0,FAILED
02230010,-999.0,-999.0,FAILED
02240005,-999.0,-999.0,FAILED
02240805,-999.0,-999.0,FAILED
02260005,-999.0,-999.0,FAILED
02260010,-999.0,-999.0,FAILED
02260405,-999.0,-999.0,FAILED
02260505,-999.0,-999.0,FAILED
02260805,-999.0,-999.0,FAILED
02270008,-999.0,-999.0,FAILED
02270505,-999.0,-999.0,FAILED
02290005,42.507147,-70.9505829,GEOCODED
02290007,42.5278731,-70.9286609,GEOCODED
02290010,42.5323248,-70.917954,GEOCODED
02290015,42.5296498,-70.9441998,GEOCODED
02290016,42.5393632,-71.0010508,GEOCODED
02290027,42.5177608,-70.9303556,GEOCODED
02290035,42.5159413,-70.9486409,GEOCODED
02290045,42.5479341,-71.0137951,GEOCODED
02290305,42.5258311,-70.9408005,GEOCODED
02290510,42.5444759,-70.9744828,GEOCODED
02290705,42.5278731,-70.9286609,GEOCODED
02290805,42.5390152,-70.9153565,GEOCODED
02290820,42.5257852,-70.9304547,GEOCODED
02290840,42.543688,-71.0017964,GEOCODED
02290845,42.543688,-71.0017964,GEOCODED
02300005,-999.0,-999.0,FAILED
02310003,-999.0,-999.0,FAILED
02310010,-999.0,-999.0,FAILED
02310015,-999.0,-999.0,FAILED
02310305,-999.0,-999.0,FAILED
02310505,-999.0,-999.0,FAILED
02310805,-999.0,-999.0,FAILED
02320805,-999.0,-999.0,FAILED
02340005,-999.0,-999.0,FAILED
02360010,-999.0,-999.0,FAILED
02360030,-999.0,-999.0,FAILED
02360035,-999.0,-999.0,FAILED
02360045,-999.0,-999.0,FAILED
02360055,-999.0,-999.0,FAILED
02360065,-999.0,-999.0,FAILED
02360090,-999.0,-999.0,FAILED
02360100,-999.0,-999.0,FAILED
02360105,-999.0,-999.0,FAILED
02360305,-999.0,-999.0,FAILED
02360310,-999.0,-999.0,FAILED
02360505,-999.0,-999.0,FAILED
02360510,-999.0,-999.0,FAILED
02360525,-999.0,-999.0,FAILED
02360805,-999.0,-999.0,FAILED
02360850,-999.0,-999.0,FAILED
02380005,-999.0,-999.0,FAILED
02380010,-999.0,-999.0,FAILED
02390003,-999.0,-999.0,FAILED
02390005,-999.0,-999.0,FAILED
02390010,-999.0,-999.0,FAILED
02390011,-999.0,-999.0,FAILED
02390012,-999.0,-999.0,FAILED
02390015,-999.0,-999.0,FAILED
02390030,-999.0,-999.0,FAILED
02390046,42.2008753,-70.8847148,GEOCODED
02390047,-999.0,-999.0,FAILED
02390305,-999.0,-999.0,FAILED
02390405,-999.0,-999.0,FAILED
02390505,-999.0,-999.0,FAILED
02390515,-999.0,-999.0,FAILED
02390805,-999.0,-999.0,FAILED
02390815,-999.0,-999.0,FAILED
02390820,-999.0,-999.0,FAILED
02400010,-999.0,-999.0,FAILED
02420020,-999.0,-999.0,FAILED
02430020,42.26931,-71.0058099,GEOCODED
02430025,42.2557561,-71.0225456,GEOCODED
02430035,42.2424594,-71.011286,GEOCODED
02430040,42.2667214,-70.9576414,GEOCODED
02430055,42.2437963,-70.9822009,GEOCODED
02430060,42.2649887,-70.9930851,GEOCODED
02430065,42.2707213,-71.0321116,GEOCODED
02430075,42.2761474,-71.0217402,GEOCODED
02430090,42.2552561,-70.96619,GEOCODED
02430095,42.2974386,-71.0113147,GEOCODED
02430110,42.263245,-71.0232538,GEOCODED
02430150,42.2608291,-71.0131495,GEOCODED
02430305,42.2777621,-71.0242304,GEOCODED
02430310,42.2602204,-70.9852363,GEOCODED
02430315,42.2838842,-71.0389308,GEOCODED
02430320,42.2402544,-71.015019,GEOCODED
02430325,42.2475823,-70.9914139,GEOCODED
02430505,42.2538998,-71.0004249,GEOCODED
02430510,42.2778108,-71.0287383,GEOCODED
02430810,42.2748955,-71.0260376,GEOCODED
02430840,42.2550038,-71.0056854,GEOCODED
02440015,-999.0,-999.0,FAILED
02440018,-999.0,-999.0,FAILED
02440020,-999.0,-999.0,FAILED
02440040,-999.0,-999.0,FAILED
02440410,-999.0,-999.0,FAILED
02440505,-999.0,-999.0,FAILED
02440810,-999.0,-999.0,FAILED
02440815,42.2017745,-71.0512417,GEOCODED
02460001,42.5353434,-71.109401,GEOCODED
02460002,42.5216713,-71.1248294,GEOCODED
02460005,42.5379092,-71.113442,GEOCODED
02460010,42.5136399,-71.1117727,GEOCODED
02460017,42.5412598,-71.0898689,GEOCODED
02460020,42.5260297,-71.1020262,GEOCODED
02460305,42.5385096,-71.1099619,GEOCODED
02460310,42.5230178,-71.1150701,GEOCODED
02460505,42.5353434,-71.109401,GEOCODED
02460805,42.5315349,-71.1275202,GEOCODED
02470805,-999.0,-999.0,FAILED
02480003,42.4198926,-71.0198547,GEOCODED
02480013,42.3950052,-70.99233,GEOCODED
02480014,42.414235,-71.0043086,GEOCODED
02480025,42.4163188,-71.0095411,GEOCODED
02480035,42.4108608,-71.0143151,GEOCODED
02480050,42.4182106,-70.9954568,GEOCODED
02480056,42.4034554,-70.9924757,GEOCODED
02480057,42.4034554,-70.9924757,GEOCODED
02480305,42.4198926,-71.0198547,GEOCODED
02480505,42.4125826,-71.0064568,GEOCODED
02480520,42.3950052,-70.99233,GEOCODED
02480810,42.406717,-71.0097629,GEOCODED
02480820,42.4287926,-71.0204178,GEOCODED
02490005,-999.0,-999.0,FAILED
02500005,-999.0,-999.0,FAILED
02510025,-999.0,-999.0,FAILED
02510060,-999.0,-999.0,FAILED
02510305,-999.0,-999.0,FAILED
02510505,-999.0,-999.0,FAILED
02510810,-999.0,-999.0,FAILED
02510815,-999.0,-999.0,FAILED
02510830,-999.0,-999.0,FAILED
02520005,-999.0,-999.0,FAILED
02520510,-999.0,-999.0,FAILED
02530005,-999.0,-999.0,FAILED
02540810,-999.0,-999.0,FAILED
02540815,-999.0,-999.0,FAILED
02550850,-999.0,-999.0,FAILED
02570805,-999.0,-999.0,FAILED
02580001,42.5287492,-70.8797782,GEOCODED
02580003,42.5350767,-70.9057147,GEOCODED
02580010,42.5287492,-70.8797782,GEOCODED
02580015,42.5318576,-70.8904763,GEOCODED
02580030,42.5071069,-70.9092696,GEOCODED
02580050,42.5135549,-70.8914972,GEOCODED
02580070,42.5164967,-70.9200184,GEOCODED
02580305,42.5145048,-70.9052635,GEOCODED
02580505,42.5059837,-70.910624,GEOCODED
02580510,42.5195292,-70.8967226,GEOCODED
02580515,42.5195292,-70.8967226,GEOCODED
02580855,42.5208089,-70.9100545,GEOCODED
02580870,42.4976696,-70.8946329,GEOCODED
02610002,-999.0,-999.0,FAILED
02610025,-999.0,-999.0,FAILED
02610505,-999.0,-999.0,FAILED
02610805,-999.0,-999.0,FAILED
02610810,-999.0,-999.0,FAILED
02620060,42.4578375,-71.0147457,GEOCODED
02620065,42.4543861,-71.0040195,GEOCODED
02620305,42.461917,-71.0234316,GEOCODED
02620505,42.461917,-71.0234316,GEOCODED
02630010,-999.0,-999.0,FAILED
02640007,-999.0,-999.0,FAILED
02640010,-999.0,-999.0,FAILED
02640015,-999.0,-999.0,FAILED
02640020,-999.0,-999.0,FAILED
02640305,-999.0,-999.0,FAILED
02640505,-999.0,-999.0,FAILED
02640815,-999.0,-999.0,FAILED
02650007,-999.0,-999.0,FAILED
02650015,-999.0,-999.0,FAILED
02650405,-999.0,-999.0,FAILED
02650505,-999.0,-999.0,FAILED
02650605,-999.0,-999.0,FAILED
02660001,-999.0,-999.0,FAILED
02660005,-999.0,-999.0,FAILED
02660010,-999.0,-999.0,FAILED
02660015,-999.0,-999.0,FAILED
02660305,-999.0,-999.0,FAILED
02660505,-999.0,-999.0,FAILED
02660820,-999.0,-999.0,FAILED
02660840,-999.0,-999.0,FAILED
02670805,-999.0,-999.0,FAILED
02690010,-999.0,-999.0,FAILED
02710005,-999.0,-999.0,FAILED
02710015,-999.0,-999.0,FAILED
02710020,-999.0,-999.0,FAILED
02710025,-999.0,-999.0,FAILED
02710030,-999.0,-999.0,FAILED
02710035,-999.0,-999.0,FAILED
02710040,-999.0,-999.0,FAILED
02710305,-999.0,-999.0,FAILED
02710505,-999.0,-999.0,FAILED
02710812,-999.0,-999.0,FAILED
02710815,-999.0,-999.0,FAILED
02710816,-999.0,-999.0,FAILED
02710820,-999.0,-999.0,FAILED
02710825,-999.0,-999.0,FAILED
02710830,-999.0,-999.0,FAILED
02720005,-999.0,-999.0,FAILED
02730005,-999.0,-999.0,FAILED
02730008,-999.0,-999.0,FAILED
02730015,-999.0,-999.0,FAILED
02730305,-999.0,-999.0,FAILED
02740005,42.3825837,-71.0869307,GEOCODED
02740015,42.3973588,-71.1139942,GEOCODED
02740075,42.3974988,-71.0954184,GEOCODED
02740083,42.389795,-71.115946,GEOCODED
02740087,42.3788778,-71.0988533,GEOCODED
02740111,42.3858714,-71.0875987,GEOCODED
02740115,42.4063314,-71.1265069,GEOCODED
02740120,42.3874449,-71.0876142,GEOCODED
02740410,42.3867697,-71.0956936,GEOCODED
02740505,42.3867697,-71.0956936,GEOCODED
02740510,42.3867697,-71.0956936,GEOCODED
02740825,42.3869334,-71.1088035,GEOCODED
02740830,42.3996251,-71.1249218,GEOCODED
02750005,-999.0,-999.0,FAILED
02760008,-999.0,-999.0,FAILED
02760020,-999.0,-999.0,FAILED
02760050,-999.0,-999.0,FAILED
02760305,-999.0,-999.0,FAILED
02760805,-999.0,-999.0,FAILED
02760820,-999.0,-999.0,FAILED
02760825,-999.0,-999.0,FAILED
02770005,-999.0,-999.0,FAILED
02770010,-999.0,-999.0,FAILED
02770020,-999.0,-999.0,FAILED
02770315,-999.0,-999.0,FAILED
02770515,-999.0,-999.0,FAILED
02770525,-999.0,-999.0,FAILED
02770825,-999.0,-999.0,FAILED
02770830,-999.0,-999.0,FAILED
02770860,-999.0,-999.0,FAILED
02780015,-999.0,-999.0,FAILED
02780020,-999.0,-999.0,FAILED
02780305,-999.0,-999.0,FAILED
02780505,-999.0,-999.0,FAILED
02780805,-999.0,-999.0,FAILED
02780850,-999.0,-999.0,FAILED
02810001,-999.0,-999.0,FAILED
02810003,-999.0,-999.0,FAILED
02810005,-999.0,-999.0,FAILED
02810010,-999.0,-999.0,FAILED
02810015,-999.0,-999.0,FAILED
02810020,-999.0,-999.0,FAILED
02810023,-999.0,-999.0,FAILED
02810025,-999.0,-999.0,FAILED
02810030,-999.0,-999.0,FAILED
02810035,-999.0,-999.0,FAILED
02810045,-999.0,-999.0,FAILED
02810050,-999.0,-999.0,FAILED
02810055,-999.0,-999.0,FAILED
02810060,-999.0,-999.0,FAILED
02810065,-999.0,-999.0,FAILED
02810068,-999.0,-999.0,FAILED
02810075,-999.0,-999.0,FAILED
02810080,-999.0,-999.0,FAILED
02810085,-999.0,-999.0,FAILED
02810095,-999.0,-999.0,FAILED
02810100,-999.0,-999.0,FAILED
02810110,-999.0,-999.0,FAILED
02810115,-999.0,-999.0,FAILED
02810120,-999.0,-999.0,FAILED
02810125,-999.0,-999.0,FAILED
02810140,-999.0,-999.0,FAILED
02810145,-999.0,-999.0,FAILED
02810155,-999.0,-999.0,FAILED
02810160,-999.0,-999.0,FAILED
02810165,-999.0,-999.0,FAILED
02810175,-999.0,-999.0,FAILED
02810180,-999.0,-999.0,FAILED
02810185,-999.0,-999.0,FAILED
02810190,-999.0,-999.0,FAILED
02810195,-999.0,-999.0,FAILED
02810205,-999.0,-999.0,FAILED
02810215,-999.0,-999.0,FAILED
02810315,-999.0,-999.0,FAILED
02810316,-999.0,-999.0,FAILED
02810317,-999.0,-999.0,FAILED
02810318,-999.0,-999.0,FAILED
02810320,-999.0,-999.0,FAILED
02810325,-999.0,-999.0,FAILED
02810328,-999.0,-999.0,FAILED
02810345,-999.0,-999.0,FAILED
02810350,-999.0,-999.0,FAILED
02810355,-999.0,-999.0,FAILED
02810360,-999.0,-999.0,FAILED
02810366,-999.0,-999.0,FAILED
02810367,-999.0,-999.0,FAILED
02810475,-999.0,-999.0,FAILED
02810480,-999.0,-999.0,FAILED
02810485,-999.0,-999.0,FAILED
02810500,-999.0,-999.0,FAILED
02810510,-999.0,-999.0,FAILED
02810530,-999.0,-999.0,FAILED
02810550,-999.0,-999.0,FAILED
02810570,-999.0,-999.0,FAILED
02810575,-999.0,-999.0,FAILED
02810580,-999.0,-999.0,FAILED
02810620,-999.0,-999.0,FAILED
02810675,-999.0,-999.0,FAILED
02810700,-999.0,-999.0,FAILED
02810705,-999.0,-999.0,FAILED
02810805,-999.0,-999.0,FAILED
02810816,-999.0,-999.0,FAILED
02810817,-999.0,-999.0,FAILED
02810820,-999.0,-999.0,FAILED
02810855,-999.0,-999.0,FAILED
02810861,-999.0,-999.0,FAILED
02810883,-999.0,-999.0,FAILED
02810889,-999.0,-999.0,FAILED
02810975,-999.0,-999.0,FAILED
02820805,-999.0,-999.0,FAILED
02830803,-999.0,-999.0,FAILED
02840002,42.4719504,-71.0896142,GEOCODED
02840005,42.4675307,-71.085136,GEOCODED
02840025,42.4937276,-71.1072601,GEOCODED
02840030,42.4733908,-71.1000965,GEOCODED
02840405,42.4846733,-71.0962515,GEOCODED
02840505,42.4719504,-71.0896142,GEOCODED
02840815,42.4681057,-71.0955235,GEOCODED
02840830,42.4822618,-71.09827,GEOCODED
02850010,-999.0,-999.0,FAILED
02850012,-999.0,-999.0,FAILED
02850014,-999.0,-999.0,FAILED
02850015,-999.0,-999.0,FAILED
02850020,-999.0,-999.0,FAILED
02850025,-999.0,-999.0,FAILED
02850405,-999.0,-999.0,FAILED
02850505,-999.0,-999.0,FAILED
02870005,-999.0,-999.0,FAILED
02880010,-999.0,-999.0,FAILED
02880015,-999.0,-999.0,FAILED
02880025,-999.0,-999.0,FAILED
02880030,-999.0,-999.0,FAILED
02880305,-999.0,-999.0,FAILED
02880805,-999.0,-999.0,FAILED
02880810,-999.0,-999.0,FAILED
02880815,-999.0,-999.0,FAILED
02890005,-999.0,-999.0,FAILED
02900003,-999.0,-999.0,FAILED
02900005,-999.0,-999.0,FAILED
02900305,-999.0,-999.0,FAILED
02900510,-999.0,-999.0,FAILED
02910025,42.4723673,-70.8986796,GEOCODED
02910305,42.4738559,-70.9027879,GEOCODED
02910505,42.4789768,-70.9186797,GEOCODED
02920006,-999.0,-999.0,FAILED
02920015,-999.0,-999.0,FAILED
02920017,-999.0,-999.0,FAILED
02920020,-999.0,-999.0,FAILED
02920305,-999.0,-999.0,FAILED
02920505,-999.0,-999.0,FAILED
02920810,-999.0,-999.0,FAILED
02920813,-999.0,-999.0,FAILED
02920820,-999.0,-999.0,FAILED
02920825,-999.0,-999.0,FAILED
02930005,-999.0,-999.0,FAILED
02930007,-999.0,-999.0,FAILED
02930008,-999.0,-999.0,FAILED
02930010,-999.0,-999.0,FAILED
02930015,-999.0,-999.0,FAILED
02930027,-999.0,-999.0,FAILED
02930042,-999.0,-999.0,FAILED
02930057,-999.0,-999.0,FAILED
02930305,-999.0,-999.0,FAILED
02930315,-999.0,-999.0,FAILED
02930505,-999.0,-999.0,FAILED
02930525,-999.0,-999.0,FAILED
02930705,-999.0,-999.0,FAILED
02930805,-999.0,-999.0,FAILED
02930820,-999.0,-999.0,FAILED
02950001,-999.0,-999.0,FAILED
02950010,-999.0,-999.0,FAILED
02950023,-999.0,-999.0,FAILED
02950030,-999.0,-999.0,FAILED
02950305,-999.0,-999.0,FAILED
02950505,-999.0,-999.0,FAILED
02950805,-999.0,-999.0,FAILED
02950850,-999.0,-999.0,FAILED
02960005,-999.0,-999.0,FAILED
02960825,-999.0,-999.0,FAILED
02980005,-999.0,-999.0,FAILED
02980010,-999.0,-999.0,FAILED
03000005,-999.0,-999.0,FAILED
03010020,-999.0,-999.0,FAILED
03010305,-999.0,-999.0,FAILED
03010505,-999.0,-999.0,FAILED
03010804,-999.0,-999.0,FAILED
03010805,-999.0,-999.0,FAILED
03040005,-999.0,-999.0,FAILED
03040405,-999.0,-999.0,FAILED
03040505,-999.0,-999.0,FAILED
03040515,-999.0,-999.0,FAILED
03040805,-999.0,-999.0,FAILED
03050001,42.4939705,-71.0814528,GEOCODED
03050005,42.5186471,-71.0654583,GEOCODED
03050015,42.4979116,-71.0504156,GEOCODED
03050020,42.4806478,-71.0641371,GEOCODED
03050040,42.5074241,-71.0854457,GEOCODED
03050310,42.4999576,-71.0713606,GEOCODED
03050505,42.492582,-71.0479363,GEOCODED
03050810,42.5009282,-71.0782622,GEOCODED
03050820,42.5144429,-71.04218,GEOCODED
03050825,42.5159087,-71.0715128,GEOCODED
03050830,42.5036271,-71.0689635,GEOCODED
03060005,-999.0,-999.0,FAILED
03070002,-999.0,-999.0,FAILED
03070005,-999.0,-999.0,FAILED
03070010,-999.0,-999.0,FAILED
03070015,-999.0,-999.0,FAILED
03070018,-999.0,-999.0,FAILED
03070315,-999.0,-999.0,FAILED
03070505,-999.0,-999.0,FAILED
03070805,-999.0,-999.0,FAILED
03070840,-999.0,-999.0,FAILED
03070860,-999.0,-999.0,FAILED
03080001,42.3940087,-71.2296735,GEOCODED
03080005,42.3669762,-71.2516125,GEOCODED
03080032,42.4040222,-71.2498418,GEOCODED
03080040,42.4027062,-71.2245322,GEOCODED
03080050,42.3822087,-71.2428266,GEOCODED
03080060,42.3805565,-71.2096279,GEOCODED
03080065,42.364961,-71.2293647,GEOCODED
03080404,42.3897167,-71.2392791,GEOCODED
03080415,42.3791898,-71.2336478,GEOCODED
03080505,42.3897167,-71.2392791,GEOCODED
03080515,42.3940087,-71.2296735,GEOCODED
03080805,42.3883602,-71.2361489,GEOCODED
03080815,42.4682327,-71.3042837,GEOCODED
03080820,42.3766337,-71.2153328,GEOCODED
03080840,42.4087774,-71.2298609,GEOCODED
03080850,42.3947704,-71.2545411,GEOCODED
03080851,42.3836423,-71.2083206,GEOCODED
03080865,42.3944501,-71.2168146,GEOCODED
03090020,-999.0,-999.0,FAILED
03090305,-999.0,-999.0,FAILED
03090505,-999.0,-999.0,FAILED
03100017,-999.0,-999.0,FAILED
03100305,-999.0,-999.0,FAILED
03100315,-999.0,-999.0,FAILED
03100505,-999.0,-999.0,FAILED
03100810,-999.0,-999.0,FAILED
03110830,-999.0,-999.0,FAILED
03110840,-999.0,-999.0,FAILED
03120020,-999.0,-999.0,FAILED
03140015,42.3766843,-71.199575,GEOCODED
03140020,42.368418,-71.168415,GEOCODED
03140025,42.3765145,-71.1834972,GEOCODED
03140305,42.3725525,-71.1912578,GEOCODED
03140505,42.3711144,-71.1933995,GEOCODED
03140810,42.3721368,-71.2142526,GEOCODED
03140830,42.3682072,-71.1583023,GEOCODED
03140832,42.3683563,-71.2097501,GEOCODED
03140835,42.3743198,-71.1519018,GEOCODED
03140890,42.3632172,-71.1753987,GEOCODED
03150005,42.3727406,-71.3449543,GEOCODED
03150015,-999.0,-999.0,FAILED
03150020,42.3295912,-71.3469174,GEOCODED
03150025,-999.0,-999.0,FAILED
03150305,-999.0,-999.0,FAILED
03150505,-999.0,-999.0,FAILED
03150820,42.3245893,-71.3497904,GEOCODED
03160015,-999.0,-999.0,FAILED
03160315,-999.0,-999.0,FAILED
03160505,-999.0,-999.0,FAILED
03160815,-999.0,-999.0,FAILED
03160820,-999.0,-999.0,FAILED
03170001,42.3138424,-71.2485884,GEOCODED
03170005,42.3128992,-71.3064802,GEOCODED
03170015,42.3127191,-71.2476704,GEOCODED
03170020,42.3047067,-71.3090659,GEOCODED
03170025,42.2955546,-71.2900555,GEOCODED
03170045,42.3211283,-71.2538593,GEOCODED
03170048,42.3044416,-71.2976801,GEOCODED
03170305,42.3041238,-71.2898198,GEOCODED
03170505,42.3020006,-71.2792876,GEOCODED
03170815,42.2909103,-71.2884814,GEOCODED
03170820,42.3245878,-71.2621162,GEOCODED
03170830,42.2881119,-71.286352,GEOCODED
03170835,42.2981809,-71.2878111,GEOCODED
03180005,-999.0,-999.0,FAILED
03210005,-999.0,-999.0,FAILED
03210010,-999.0,-999.0,FAILED
03210025,-999.0,-999.0,FAILED
03210045,-999.0,-999.0,FAILED
03210305,-999.0,-999.0,FAILED
03210505,-999.0,-999.0,FAILED
03220005,-999.0,-999.0,FAILED
03220505,-999.0,-999.0,FAILED
03230003,-999.0,-999.0,FAILED
03230005,-999.0,-999.0,FAILED
03230305,-999.0,-999.0,FAILED
03230505,-999.0,-999.0,FAILED
03230825,-999.0,-999.0,FAILED
03250003,-999.0,-999.0,FAILED
03250025,-999.0,-999.0,FAILED
03250033,-999.0,-999.0,FAILED
03250036,-999.0,-999.0,FAILED
03250040,-999.0,-999.0,FAILED
03250045,-999.0,-999.0,FAILED
03250075,-999.0,-999.0,FAILED
03250310,-999.0,-999.0,FAILED
03250505,-999.0,-999.0,FAILED
03250605,-999.0,-999.0,FAILED
03250810,-999.0,-999.0,FAILED
03250815,-999.0,-999.0,FAILED
03250820,-999.0,-999.0,FAILED
03250825,-999.0,-999.0,FAILED
03250840,-999.0,-999.0,FAILED
03250850,-999.0,-999.0,FAILED
03260004,-999.0,-999.0,FAILED
03260007,-999.0,-999.0,FAILED
03260015,-999.0,-999.0,FAILED
03260025,-999.0,-999.0,FAILED
03260045,-999.0,-999.0,FAILED
03260055,-999.0,-999.0,FAILED
03260310,-999.0,-999.0,FAILED
03260330,-999.0,-999.0,FAILED
03260505,-999.0,-999.0,FAILED
03260810,-999.0,-999.0,FAILED
03260820,-999.0,-999.0,FAILED
03260830,42.5151693,-71.2499973,GEOCODED
03270005,-999.0,-999.0,FAILED
03290805,-999.0,-999.0,FAILED
03300010,42.3633243,-71.2968021,GEOCODED
03300012,42.3615275,-71.2955157,GEOCODED
03300015,42.3616537,-71.3001418,GEOCODED
03300305,42.3397922,-71.3027749,GEOCODED
03300505,42.3365837,-71.3016018,GEOCODED
03300805,42.3849168,-71.272088,GEOCODED
03300810,42.3544735,-71.272124,GEOCODED
03300815,42.3244304,-71.3264072,GEOCODED
03300840,42.371407,-71.2791489,GEOCODED
03300850,42.4672636,-71.3022392,GEOCODED
03310015,-999.0,-999.0,FAILED
03310030,-999.0,-999.0,FAILED
03310515,-999.0,-999.0,FAILED
03320005,-999.0,-999.0,FAILED
03320007,-999.0,-999.0,FAILED
03320010,-999.0,-999.0,FAILED
03320025,-999.0,-999.0,FAILED
03320030,-999.0,-999.0,FAILED
03320040,-999.0,-999.0,FAILED
03320305,-999.0,-999.0,FAILED
03320505,-999.0,-999.0,FAILED
03320810,-999.0,-999.0,FAILED
03320830,-999.0,-999.0,FAILED
03320840,-999.0,-999.0,FAILED
03350012,42.2147708,-71.1756143,GEOCODED
03350017,42.2001157,-71.2350886,GEOCODED
03350025,42.2072927,-71.2350573,GEOCODED
03350030,42.2261111,-71.1933137,GEOCODED
03350050,42.2174032,-71.2165327,GEOCODED
03350305,42.2196321,-71.2211995,GEOCODED
03350505,42.2174032,-71.2165327,GEOCODED
03350805,42.2149363,-71.1958096,GEOCODED
03360003,42.2201872,-70.9396938,GEOCODED
03360005,42.2193807,-70.9427813,GEOCODED
03360020,42.221338,-70.932585,GEOCODED
03360050,42.2057815,-70.9614732,GEOCODED
03360060,42.2212188,-70.9391625,GEOCODED
03360065,42.2178129,-70.9253261,GEOCODED
03360080,42.2212188,-70.9391625,GEOCODED
03360085,42.2212188,-70.9391625,GEOCODED
03360105,42.2212188,-70.9391625,GEOCODED
03360110,42.246438,-70.9451364,GEOCODED
03360505,42.2212188,-70.9391625,GEOCODED
03360815,42.2212188,-70.9391625,GEOCODED
03360860,42.2212188,-70.9391625,GEOCODED
03360885,42.2200608,-70.9666989,GEOCODED
03360887,42.2145811,-70.965267,GEOCODED
03360890,42.2212188,-70.9391625,GEOCODED
03360895,42.2444496,-70.9418324,GEOCODED
03370005,-999.0,-999.0,FAILED
03380805,-999.0,-999.0,FAILED
03390850,-999.0,-999.0,FAILED
03400020,-999.0,-999.0,FAILED
03410830,-999.0,-999.0,FAILED
03410890,-999.0,-999.0,FAILED
03420005,42.546739,-71.1884704,GEOCODED
03420020,42.5464828,-71.1736669,GEOCODED
03420025,42.5464828,-71.1736669,GEOCODED
03420060,42.5464828,-71.1736669,GEOCODED
03420080,42.5492027,-71.1889969,GEOCODED
03420330,42.5493075,-71.1879963,GEOCODED
03420505,42.5464828,-71.1736669,GEOCODED
03420805,42.5464828,-71.1736669,GEOCODED
03430010,-999.0,-999.0,FAILED
03430040,-999.0,-999.0,FAILED
03430050,-999.0,-999.0,FAILED
03430315,-999.0,-999.0,FAILED
03430405,-999.0,-999.0,FAILED
03430515,-999.0,-999.0,FAILED
03430810,-999.0,-999.0,FAILED
03440005,42.4511943,-71.1344341,GEOCODED
03440020,42.4611063,-71.1504132,GEOCODED
03440025,42.4497271,-71.1750172,GEOCODED
03440040,42.4631681,-71.131424,GEOCODED
03440045,42.4455849,-71.1567029,GEOCODED
03440305,42.4492927,-71.1359706,GEOCODED
03440505,42.4561475,-71.1341192,GEOCODED
03440805,42.438394,-71.1335757,GEOCODED
03440825,42.455102,-71.1321633,GEOCODED
03440830,42.4646261,-71.1464228,GEOCODED
03440850,42.4558341,-71.1312054,GEOCODED
03460015,42.3852463,-70.9798447,GEOCODED
03460020,42.3773994,-70.9855001,GEOCODED
03460305,42.3813684,-70.9796262,GEOCODED
03460505,42.380641,-70.9789825,GEOCODED
03470005,42.4806035,-71.1246065,GEOCODED
03470020,42.4931659,-71.1598523,GEOCODED
03470025,42.5078457,-71.1618938,GEOCODED
03470040,42.4641179,-71.1767671,GEOCODED
03470043,42.4776194,-71.1412931,GEOCODED
03470055,42.4847829,-71.1416821,GEOCODED
03470065,42.4923131,-71.1542862,GEOCODED
03470405,42.4922568,-71.1467166,GEOCODED
03470410,42.4781644,-71.1765675,GEOCODED
03470505,42.4831575,-71.1435166,GEOCODED
03470805,42.477066,-71.150902,GEOCODED
03470830,-999.0,-999.0,FAILED
03480002,-999.0,-999.0,FAILED
03480020,-999.0,-999.0,FAILED
03480026,-999.0,-999.0,FAILED
03480030,-999.0,-999.0,FAILED
03480035,-999.0,-999.0,FAILED
03480045,-999.0,-999.0,FAILED
03480050,-999.0,-999.0,FAILED
03480052,-999.0,-999.0,FAILED
03480053,-999.0,-999.0,FAILED
03480055,-999.0,-999.0,FAILED
03480060,-999.0,-999.0,FAILED
03480090,-999.0,-999.0,FAILED
03480095,-999.0,-999.0,FAILED
03480100,-999.0,-999.0,FAILED
03480110,-999.0,-999.0,FAILED
03480115,-999.0,-999.0,FAILED
03480136,-999.0,-999.0,FAILED
03480140,-999.0,-999.0,FAILED
03480145,-999.0,-999.0,FAILED
03480160,-999.0,-999.0,FAILED
03480175,-999.0,-999.0,FAILED
03480177,-999.0,-999.0,FAILED
03480185,-999.0,-999.0,FAILED
03480200,-999.0,-999.0,FAILED
03480202,-999.0,-999.0,FAILED
03480210,-999.0,-999.0,FAILED
03480215,-999.0,-999.0,FAILED
03480220,-999.0,-999.0,FAILED
03480225,-999.0,-999.0,FAILED
03480230,-999.0,-999.0,FAILED
03480235,-999.0,-999.0,FAILED
03480240,-999.0,-999.0,FAILED
03480260,-999.0,-999.0,FAILED
03480280,-999.0,-999.0,FAILED
03480285,-999.0,-999.0,FAILED
03480290,-999.0,-999.0,FAILED
03480350,-999.0,-999.0,FAILED
03480405,-999.0,-999.0,FAILED
03480415,-999.0,-999.0,FAILED
03480420,-999.0,-999.0,FAILED
03480423,-999.0,-999.0,FAILED
03480503,-999.0,-999.0,FAILED
03480512,-999.0,-999.0,FAILED
03480515,-999.0,-999.0,FAILED
03480520,-999.0,-999.0,FAILED
03480525,-999.0,-999.0,FAILED
03480605,-999.0,-999.0,FAILED
03480802,-999.0,-999.0,FAILED
03480805,-999.0,-999.0,FAILED
03480815,-999.0,-999.0,FAILED
03480822,-999.0,-999.0,FAILED
03480835,-999.0,-999.0,FAILED
03480852,-999.0,-999.0,FAILED
03480855,-999.0,-999.0,FAILED
03480860,-999.0,-999.0,FAILED
03480870,-999.0,-999.0,FAILED
03480875,-999.0,-999.0,FAILED
03480880,-999.0,-999.0,FAILED
03480890,-999.0,-999.0,FAILED
03480930,-999.0,-999.0,FAILED
03480945,-999.0,-999.0,FAILED
03480955,-999.0,-999.0,FAILED
03480975,-999.0,-999.0,FAILED
03490010,-999.0,-999.0,FAILED
03500003,-999.0,-999.0,FAILED
03500010,-999.0,-999.0,FAILED
03510805,-999.0,-999.0,FAILED
03510860,-999.0,-999.0,FAILED
03700026,-999.0,-999.0,FAILED
04060705,-999.0,-999.0,FAILED
04070405,42.3235335,-71.0728876,GEOCODED
04090205,-999.0,-999.0,FAILED
04100205,42.3319305,-71.0656035,GEOCODED
04110305,42.3503606,-71.1455695,GEOCODED
04120530,42.2455401,-71.1321278,GEOCODED
04130505,-999.0,-999.0,FAILED
04140305,-999.0,-999.0,FAILED
04160305,42.2621572,-71.1103212,GEOCODED
04170205,42.3168223,-71.083212,GEOCODED
04180305,-999.0,-999.0,FAILED
04200205,42.3921204,-71.1317298,GEOCODED
04240505,42.3272863,-71.0817125,GEOCODED
04280305,42.2938152,-71.0934952,GEOCODED
04290010,42.4678835,-70.9491728,GEOCODED
04300305,-999.0,-999.0,FAILED
04320530,-999.0,-999.0,FAILED
04350305,-999.0,-999.0,FAILED
04360305,42.3678277,-71.0848369,GEOCODED
04380505,42.2894282,-71.0721765,GEOCODED
04390050,42.3117477,-71.0697426,GEOCODED
04400205,-999.0,-999.0,FAILED
04410505,-999.0,-999.0,FAILED
04440205,42.2931459,-71.0533815,GEOCODED
04450105,-999.0,-999.0,FAILED
04460550,-999.0,-999.0,FAILED
04470205,-999.0,-999.0,FAILED
04490305,42.3216461,-71.0608559,GEOCODED
04500105,-999.0,-999.0,FAILED
04520505,42.3339289,-71.1063387,GEOCODED
04530005,-999.0,-999.0,FAILED
04540205,-999.0,-999.0,FAILED
04550050,-999.0,-999.0,FAILED
04560050,-999.0,-999.0,FAILED
04580505,-999.0,-999.0,FAILED
04630205,42.2745336,-71.0924707,GEOCODED
04640305,42.5086701,-70.8531343,GEOCODED
04660550,-999.0,-999.0,FAILED
04680505,-999.0,-999.0,FAILED
04690505,42.3521128,-71.1209974,GEOCODED
04700105,42.4343187,-71.0440192,GEOCODED
04740505,-999.0,-999.0,FAILED
04780505,-999.0,-999.0,FAILED
04790505,-999.0,-999.0,FAILED
04810550,42.2505157,-71.1263896,GEOCODED
04820050,-999.0,-999.0,FAILED
04830305,-999.0,-999.0,FAILED
04840505,42.3267005,-71.0700558,GEOCODED
04850485,42.5165597,-70.8864874,GEOCODED
04860105,-999.0,-999.0,FAILED
04870550,42.3676572,-71.100675,GEOCODED
04880550,-999.0,-999.0,FAILED
04890505,-999.0,-999.0,FAILED
04910550,-999.0,-999.0,FAILED
04920005,-999.0,-999.0,FAILED
04930505,42.3912241,-71.0369301,GEOCODED
04940205,42.4081246,-71.0512667,GEOCODED
04960305,-999.0,-999.0,FAILED
04970205,-999.0,-999.0,FAILED
04980405,-999.0,-999.0,FAILED
04990305,-999.0,-999.0,FAILED
06000001,-999.0,-999.0,FAILED
06000005,-999.0,-999.0,FAILED
06000010,-999.0,-999.0,FAILED
06000015,-999.0,-999.0,FAILED
06000020,-999.0,-999.0,FAILED
06000025,-999.0,-999.0,FAILED
06000030,-999.0,-999.0,FAILED
06000405,-999.0,-999.0,FAILED
06000505,-999.0,-999.0,FAILED
06030020,-999.0,-999.0,FAILED
06030315,-999.0,-999.0,FAILED
06030505,-999.0,-999.0,FAILED
06050405,-999.0,-999.0,FAILED
06050505,-999.0,-999.0,FAILED
06100005,-999.0,-999.0,FAILED
06100010,-999.0,-999.0,FAILED
06100025,-999.0,-999.0,FAILED
06100305,-999.0,-999.0,FAILED
06100505,-999.0,-999.0,FAILED
06150020,-999.0,-999.0,FAILED
06150050,-999.0,-999.0,FAILED
06150305,-999.0,-999.0,FAILED
06150505,-999.0,-999.0,FAILED
06160001,-999.0,-999.0,FAILED
06160002,-999.0,-999.0,FAILED
06160305,-999.0,-999.0,FAILED
06160505,-999.0,-999.0,FAILED
06180001,-999.0,-999.0,FAILED
06180035,-999.0,-999.0,FAILED
06180310,-999.0,-999.0,FAILED
06180505,-999.0,-999.0,FAILED
06200005,-999.0,-999.0,FAILED
06200010,-999.0,-999.0,FAILED
06200505,-999.0,-999.0,FAILED
06220008,-999.0,-999.0,FAILED
06220010,-999.0,-999.0,FAILED
06220015,-999.0,-999.0,FAILED
06220405,-999.0,-999.0,FAILED
06220505,-999.0,-999.0,FAILED
06250002,-999.0,-999.0,FAILED
06250020,-999.0,-999.0,FAILED
06250050,-999.0,-999.0,FAILED
06250300,-999.0,-999.0,FAILED
06250315,-999.0,-999.0,FAILED
06250320,-999.0,-999.0,FAILED
06250415,-999.0,-999.0,FAILED
06250505,-999.0,-999.0,FAILED
06320025,-999.0,-999.0,FAILED
06350005,-999.0,-999.0,FAILED
06350025,-999.0,-999.0,FAILED
06350035,-999.0,-999.0,FAILED
06350305,-999.0,-999.0,FAILED
06350505,-999.0,-999.0,FAILED
06400505,42.4485681,-71.3475334,GEOCODED
06450005,-999.0,-999.0,FAILED
06450015,-999.0,-999.0,FAILED
06450025,-999.0,-999.0,FAILED
06450050,-999.0,-999.0,FAILED
06450305,-999.0,-999.0,FAILED
06450505,-999.0,-999.0,FAILED
06500005,-999.0,-999.0,FAILED
06500010,-999.0,-999.0,FAILED
06500305,-999.0,-999.0,FAILED
06500310,-999.0,-999.0,FAILED
06500505,-999.0,-999.0,FAILED
06550405,42.2191366,-71.3230736,GEOCODED
06550505,42.2182073,-71.324959,GEOCODED
06580005,-999.0,-999.0,FAILED
06580010,-999.0,-999.0,FAILED
06580020,-999.0,-999.0,FAILED
06580030,-999.0,-999.0,FAILED
06580305,-999.0,-999.0,FAILED
06580310,-999.0,-999.0,FAILED
06580505,-999.0,-999.0,FAILED
06600305,-999.0,-999.0,FAILED
06600505,-999.0,-999.0,FAILED
06620020,-999.0,-999.0,FAILED
06650001,-999.0,-999.0,FAILED
06650002,-999.0,-999.0,FAILED
06650015,-999.0,-999.0,FAILED
06650305,-999.0,-999.0,FAILED
06650505,-999.0,-999.0,FAILED
06700505,-999.0,-999.0,FAILED
06720059,-999.0,-999.0,FAILED
06720143,-999.0,-999.0,FAILED
06720505,-999.0,-999.0,FAILED
06730001,-999.0,-999.0,FAILED
06730005,-999.0,-999.0,FAILED
06730010,-999.0,-999.0,FAILED
06730305,-999.0,-999.0,FAILED
06730505,-999.0,-999.0,FAILED
06740005,-999.0,-999.0,FAILED
06740015,-999.0,-999.0,FAILED
06740050,-999.0,-999.0,FAILED
06740310,-999.0,-999.0,FAILED
06740505,-999.0,-999.0,FAILED
06750007,-999.0,-999.0,FAILED
06750010,-999.0,-999.0,FAILED
06750015,-999.0,-999.0,FAILED
06750310,-999.0,-999.0,FAILED
06750505,-999.0,-999.0,FAILED
06800005,-999.0,-999.0,FAILED
06800025,-999.0,-999.0,FAILED
06800030,-999.0,-999.0,FAILED
06800050,-999.0,-999.0,FAILED
06800310,-999.0,-999.0,FAILED
06800505,-999.0,-999.0,FAILED
06830505,-999.0,-999.0,FAILED
06850005,-999.0,-999.0,FAILED
06900505,-999.0,-999.0,FAILED
06900510,-999.0,-999.0,FAILED
06950505,-999.0,-999.0,FAILED
06980010,-999.0,-999.0,FAILED
06980020,-999.0,-999.0,FAILED
06980030,-999.0,-999.0,FAILED
06980510,-999.0,-999.0,FAILED
07000505,-999.0,-999.0,FAILED
07050405,-999.0,-999.0,FAILED
07050505,-999.0,-999.0,FAILED
07100001,-999.0,-999.0,FAILED
07100015,-999.0,-999.0,FAILED
07100179,-999.0,-999.0,FAILED
07100510,-999.0,-999.0,FAILED
07120001,-999.0,-999.0,FAILED
07120002,-999.0,-999.0,FAILED
07120315,-999.0,-999.0,FAILED
07120515,-999.0,-999.0,FAILED
07150005,-999.0,-999.0,FAILED
07150010,-999.0,-999.0,FAILED
07150505,-999.0,-999.0,FAILED
07170005,-999.0,-999.0,FAILED
07170010,-999.0,-999.0,FAILED
07170020,-999.0,-999.0,FAILED
07170505,-999.0,-999.0,FAILED
07200020,-999.0,-999.0,FAILED
07200305,-999.0,-999.0,FAILED
07200505,-999.0,-999.0,FAILED
07250010,-999.0,-999.0,FAILED
07250020,-999.0,-999.0,FAILED
07250025,-999.0,-999.0,FAILED
07250305,-999.0,-999.0,FAILED
07250310,-999.0,-999.0,FAILED
07250505,-999.0,-999.0,FAILED
07280015,-999.0,-999.0,FAILED
07300505,-999.0,-999.0,FAILED
07350002,-999.0,-999.0,FAILED
07350005,-999.0,-999.0,FAILED
07350030,-999.0,-999.0,FAILED
07350035,-999.0,-999.0,FAILED
07350310,-999.0,-999.0,FAILED
07350505,-999.0,-999.0,FAILED
07400405,-999.0,-999.0,FAILED
07400505,-999.0,-999.0,FAILED
07450005,-999.0,-999.0,FAILED
07450010,-999.0,-999.0,FAILED
07450015,-999.0,-999.0,FAILED
07450020,-999.0,-999.0,FAILED
07450405,-999.0,-999.0,FAILED
07450505,-999.0,-999.0,FAILED
07500006,-999.0,-999.0,FAILED
07500008,-999.0,-999.0,FAILED
07500505,-999.0,-999.0,FAILED
07530005,-999.0,-999.0,FAILED
07530010,-999.0,-999.0,FAILED
07530020,-999.0,-999.0,FAILED
07530025,-999.0,-999.0,FAILED
07530030,-999.0,-999.0,FAILED
07530405,-999.0,-999.0,FAILED
07530505,-999.0,-999.0,FAILED
07550505,-999.0,-999.0,FAILED
07600001,-999.0,-999.0,FAILED
07600405,-999.0,-999.0,FAILED
07600505,-999.0,-999.0,FAILED
07630505,-999.0,-999.0,FAILED
07650018,-999.0,-999.0,FAILED
07650030,-999.0,-999.0,FAILED
07650035,-999.0,-999.0,FAILED
07650505,-999.0,-999.0,FAILED
07660010,-999.0,-999.0,FAILED
07660315,-999.0,-999.0,FAILED
07660505,-999.0,-999.0,FAILED
07670008,-999.0,-999.0,FAILED
07670040,-999.0,-999.0,FAILED
07670415,-999.0,-999.0,FAILED
07670505,-999.0,-999.0,FAILED
07700405,-999.0,-999.0,FAILED
07700505,-999.0,-999.0,FAILED
07700605,-999.0,-999.0,FAILED
07730015,-999.0,-999.0,FAILED
07730020,-999.0,-999.0,FAILED
07730025,-999.0,-999.0,FAILED
07730405,-999.0,-999.0,FAILED
07730505,-999.0,-999.0,FAILED
07740010,-999.0,-999.0,FAILED
07740020,-999.0,-999.0,FAILED
07750001,-999.0,-999.0,FAILED
07750005,-999.0,-999.0,FAILED
07750018,-999.0,-999.0,FAILED
07750020,-999.0,-999.0,FAILED
07750027,-999.0,-999.0,FAILED
07750032,-999.0,-999.0,FAILED
07750040,-999.0,-999.0,FAILED
07750045,-999.0,-999.0,FAILED
07750060,-999.0,-999.0,FAILED
07750305,-999.0,-999.0,FAILED
07750310,-999.0,-999.0,FAILED
07750315,-999.0,-999.0,FAILED
07750505,-999.0,-999.0,FAILED
07780001,-999.0,-999.0,FAILED
07780005,-999.0,-999.0,FAILED
07780010,-999.0,-999.0,FAILED
07780305,-999.0,-999.0,FAILED
07780505,-999.0,-999.0,FAILED
07800001,-999.0,-999.0,FAILED
07800010,-999.0,-999.0,FAILED
07800030,-999.0,-999.0,FAILED
07800035,-999.0,-999.0,FAILED
07800310,-999.0,-999.0,FAILED
07800315,-999.0,-999.0,FAILED
07800505,-999.0,-999.0,FAILED
08010605,-999.0,-999.0,FAILED
08050605,-999.0,-999.0,FAILED
08060605,-999.0,-999.0,FAILED
08100605,-999.0,-999.0,FAILED
08150605,-999.0,-999.0,FAILED
08170505,-999.0,-999.0,FAILED
08180605,-999.0,-999.0,FAILED
08210605,-999.0,-999.0,FAILED
08230605,-999.0,-999.0,FAILED
08250605,-999.0,-999.0,FAILED
08280605,-999.0,-999.0,FAILED
08290605,-999.0,-999.0,FAILED
08300605,42.4458658,-71.2713659,GEOCODED
08320605,-999.0,-999.0,FAILED
08510605,-999.0,-999.0,FAILED
08520605,-999.0,-999.0,FAILED
08530605,42.4954362,-71.0428344,GEOCODED
08550605,-999.0,-999.0,FAILED
08600605,-999.0,-999.0,FAILED
08710605,42.5496812,-71.2202661,GEOCODED
08720605,-999.0,-999.0,FAILED
08730605,-999.0,-999.0,FAILED
08760605,-999.0,-999.0,FAILED
08780605,-999.0,-999.0,FAILED
08790605,-999.0,-999.0,FAILED
08850605,-999.0,-999.0,FAILED
09100705,-999.0,-999.0,FAILED
09150705,-999.0,-999.0,FAILED
35020405,-999.0,-999.0,FAILED
35030205,-999.0,-999.0,FAILED
35050405,42.2997592,-71.0703224,GEOCODED
35060505,42.4650484,-71.0184409,GEOCODED
35080505,-999.0,-999.0,FAILED
35090305,-999.0,-999.0,FAILED
35100205,-999.0,-999.0,FAILED
35130305,-999.0,-999.0,FAILED
35140305,-999.0,-999.0,FAILED
35150205,-999.0,-999.0,FAILED
35170505,-999.0,-999.0,FAILED
35180505,-999.0,-999.0,FAILED
35190205,-999.0,-999.0,FAILED
39010900,-999.0,-999.0,FAILED
39020900,-999.0,-999.0,FAILED
